osmid,x,y,nearest_pharmacy_m,accessibility_band
138428,10.9003998,48.3930899,1544.3889146793722,> 1500 m
138439,10.8945189,48.4004659,1811.348816265498,> 1500 m
138443,10.893318,48.4024175,2027.633633991973,> 1500 m
138444,10.8919822,48.4021049,2132.252711449616,> 1500 m
357642,10.9102581,48.4230658,3000.341127787447,> 1500 m
357654,10.9059802,48.4144818,1889.0594157032729,> 1500 m
357699,10.8957883,48.4029097,1815.6981810959223,> 1500 m
357700,10.8944997,48.4027503,1912.461396161435,> 1500 m
357704,10.8946232,48.4061256,2214.910149423617,> 1500 m
357705,10.8963397,48.4060172,2087.5856485684644,> 1500 m
357706,10.8962261,48.4054273,2021.4563417426568,> 1500 m
357707,10.8960263,48.4043221,1901.4782262412457,> 1500 m
446253,10.9344334,48.3679427,1690.6935347284286,> 1500 m
9356794,10.8519494,48.4067167,1521.0623030037211,> 1500 m
9929864,10.8358429,48.3862914,1691.0984913757973,> 1500 m
10367270,10.879126,48.3269648,1974.5758015097176,> 1500 m
10381459,10.842703,48.3147935,1510.5209647352417,> 1500 m
10381460,10.8406631,48.3146891,1661.8155187503507,> 1500 m
10381462,10.8392863,48.3145085,1766.1611622113153,> 1500 m
10381465,10.8368935,48.3130148,2010.347016502652,> 1500 m
10381475,10.8321678,48.3123614,2376.9015833750727,> 1500 m
10381523,10.8254075,48.3336094,3431.1034826406653,> 1500 m
10381528,10.8212308,48.3167988,3561.267362207905,> 1500 m
10381531,10.820834,48.3182996,3731.6803204815446,> 1500 m
10381533,10.8203572,48.3189964,3816.836531269923,> 1500 m
10381537,10.8226383,48.3196306,3837.0202530090232,> 1500 m
10381541,10.8271084,48.321278,3626.288302210287,> 1500 m
10381544,10.8303986,48.3229901,3315.8229414675325,> 1500 m
10381547,10.8327709,48.3237913,3117.910413131632,> 1500 m
10381566,10.8451247,48.3313194,2167.475195035902,> 1500 m
11494038,10.917877,48.3498231,1549.232348762657,> 1500 m
11494039,10.9185194,48.3480471,1590.8289671145078,> 1500 m
11494040,10.9158073,48.3475759,1799.1341211501804,> 1500 m
11878083,10.9335064,48.392189,1626.559188378012,> 1500 m
12129205,10.828237,48.3352029,3153.7719550644865,> 1500 m
12129206,10.827473,48.3350445,3209.185748842034,> 1500 m
12129207,10.8279399,48.3354983,3189.181489800824,> 1500 m
12129208,10.8280834,48.3352368,3157.916026677907,> 1500 m
15428566,10.8702559,48.4008309,1672.2737959171957,> 1500 m
15428625,10.8829034,48.3080778,1614.9563497089755,> 1500 m
15428656,10.8834993,48.3095084,1567.6653610582723,> 1500 m
15428661,10.88682,48.3277277,2346.413451195528,> 1500 m
15428663,10.8873409,48.3263221,1836.010801014116,> 1500 m
16971651,10.8703131,48.4020911,1714.1244349950357,> 1500 m
16971653,10.8695616,48.4012928,1607.5249610747865,> 1500 m
16971655,10.8685507,48.4004546,1527.752373423266,> 1500 m
16971683,10.8793902,48.404371,1604.0864933452654,> 1500 m
18132990,10.9400432,48.2688289,9701.577779220535,> 1500 m
18132992,10.9398854,48.26799,9788.847898930468,> 1500 m
18133006,10.9402875,48.2763933,8756.528976126943,> 1500 m
18133017,10.9468397,48.2858141,7587.43965685758,> 1500 m
18133019,10.9463894,48.2844126,7747.650441484288,> 1500 m
18133025,10.9443326,48.2930956,6749.983914072913,> 1500 m
18133039,10.9491606,48.3117383,4260.11318840509,> 1500 m
18133042,10.9529399,48.3093235,4654.755287624486,> 1500 m
18133050,10.9480944,48.315992,3769.9941418997378,> 1500 m
18228281,10.9371846,48.269417,5473.944569539543,> 1500 m
18228288,10.9388965,48.2810065,4503.796523478599,> 1500 m
18228303,10.9408627,48.2933794,3532.47483274513,> 1500 m
18228311,10.9428371,48.2981973,3475.9005483320543,> 1500 m
18228312,10.9420758,48.2973508,3366.1117244308543,> 1500 m
18228313,10.9499463,48.3021286,3390.314221679196,> 1500 m
18228319,10.9448896,48.3126917,3566.162566194476,> 1500 m
18228339,10.9384623,48.3308751,2499.885408981904,> 1500 m
18228402,10.9136369,48.2643581,4366.46699652948,> 1500 m
18983125,10.8920965,48.4247988,3815.302348179755,> 1500 m
21269593,10.8623552,48.4041436,1848.8593123586384,> 1500 m
21750311,10.8487809,48.3366077,1627.179144887757,> 1500 m
21750332,10.8475132,48.3418067,2044.461100234678,> 1500 m
25347225,10.89285,48.4059737,2373.9753449546947,> 1500 m
25347227,10.8929207,48.4061732,2354.3059055615586,> 1500 m
25347228,10.8934124,48.4063363,2312.817015564108,> 1500 m
25347229,10.891083,48.4063191,2490.9326134357843,> 1500 m
25347230,10.8915175,48.4080359,2647.4251444386773,> 1500 m
25347231,10.8926022,48.4079598,2566.9134792058417,> 1500 m
25347232,10.8936945,48.4078701,2485.667216936164,> 1500 m
25347234,10.8932383,48.4025935,2007.1980125944235,> 1500 m
25347235,10.8994175,48.3930529,1552.1606821940406,> 1500 m
25347236,10.899758,48.3927988,1587.4928684338638,> 1500 m
25347242,10.8926531,48.4042953,2201.572808727263,> 1500 m
25347249,10.893185,48.4113083,2658.4645004569165,> 1500 m
25347250,10.8942725,48.4112278,2577.6996505488287,> 1500 m
25347252,10.8971879,48.4110024,2361.059686107012,> 1500 m
25347255,10.8968023,48.4087639,2394.938247916536,> 1500 m
25347256,10.8966184,48.4076496,2270.2922207804872,> 1500 m
25347257,10.8964484,48.4067335,2167.6545670028813,> 1500 m
25347258,10.8951486,48.4077657,2379.5513490002395,> 1500 m
25347259,10.8987418,48.4074716,2415.784924170101,> 1500 m
25347261,10.8984554,48.405245,1884.5405397140637,> 1500 m
25347262,10.8971836,48.4053445,1952.5207911231832,> 1500 m
25347263,10.896984,48.404254,1830.3705870033475,> 1500 m
25347264,10.8980119,48.4042025,1762.3296299698452,> 1500 m
25347265,10.8970535,48.403073,1720.5511155776112,> 1500 m
25347266,10.8961396,48.4008554,1702.091094019649,> 1500 m
25347268,10.897339,48.4010705,1639.7050353556087,> 1500 m
25347269,10.8971585,48.4016847,1700.7270443465354,> 1500 m
25347270,10.8983294,48.4024855,1654.0037785699997,> 1500 m
25347271,10.8986984,48.401909,1584.3435815368869,> 1500 m
25347272,10.8989574,48.4013279,1516.8484726874444,> 1500 m
25347308,10.8907455,48.4081003,2704.8603619883,> 1500 m
25347310,10.890365,48.4063954,2544.923862455673,> 1500 m
25347313,10.8985369,48.4059185,1960.6841546243988,> 1500 m
25347321,10.8988341,48.4085466,2537.0359150481368,> 1500 m
25347323,10.8920876,48.4113833,2739.8905445051887,> 1500 m
25347325,10.898018,48.4031979,1648.0087490447213,> 1500 m
25347895,10.8973873,48.4120333,2294.751467428954,> 1500 m
25588777,10.9201363,48.4135249,1992.6233702921663,> 1500 m
25588780,10.9196387,48.4135569,1955.6932311294995,> 1500 m
25589692,10.9540534,48.3807839,1834.9354451285983,> 1500 m
25589694,10.9562188,48.381256,2022.606934507912,> 1500 m
26386794,10.9559055,48.3381658,1595.9845116392794,> 1500 m
26405925,10.8477517,48.3408073,1981.8513298264447,> 1500 m
26405926,10.8471034,48.3426872,2146.8747460394625,> 1500 m
26405927,10.8525545,48.3405235,1619.0008209314958,> 1500 m
26405928,10.8521652,48.3409438,1673.8835301120569,> 1500 m
26405929,10.8503406,48.3404579,1784.6359108712015,> 1500 m
26405930,10.8495761,48.3406234,1844.076558832356,> 1500 m
26405932,10.8506012,48.3414984,1808.5411513102183,> 1500 m
26405933,10.8520029,48.3411172,1696.5917528976254,> 1500 m
26405934,10.8514945,48.3422862,1831.9705173449815,> 1500 m
26405939,10.8487503,48.3407848,1907.8088801324957,> 1500 m
26405945,10.8494077,48.343514,2110.240179198207,> 1500 m
26405947,10.8507972,48.3407721,1778.0049492114572,> 1500 m
26405950,10.8512242,48.3435641,1975.869715629815,> 1500 m
26413390,10.9469295,48.3653087,1638.7373175624734,> 1500 m
26413437,10.9470668,48.3646006,1559.329163385907,> 1500 m
26413445,10.9480596,48.3647097,1549.2883910716712,> 1500 m
26413448,10.9479951,48.3654043,1626.7493936550318,> 1500 m
26501510,10.9265379,48.3913886,1516.5025680806143,> 1500 m
26501524,10.9275275,48.3895628,1562.7371825585958,> 1500 m
26501529,10.9256095,48.3904501,1540.5401099970084,> 1500 m
26501548,10.9315618,48.3912267,1596.5403427686065,> 1500 m
26501632,10.927034,48.3907422,1597.3857293339872,> 1500 m
26513110,10.9554572,48.3788638,2106.811634150607,> 1500 m
26513148,10.9547676,48.380307,1938.3918888156957,> 1500 m
26513180,10.9525487,48.3770092,2020.4853552363247,> 1500 m
26513195,10.9554059,48.3776059,2219.4643506868283,> 1500 m
26513208,10.9532112,48.3784585,1958.945878830927,> 1500 m
26513262,10.9315703,48.369451,1636.754506007489,> 1500 m
26513389,10.9515007,48.3804276,1642.249599597274,> 1500 m
26513430,10.9550009,48.3798351,1993.6573669252407,> 1500 m
26513446,10.9552337,48.3793637,2048.8249737633005,> 1500 m
26513507,10.9555312,48.3780885,2177.4839805814454,> 1500 m
26513516,10.9535123,48.3806937,1793.7340005307317,> 1500 m
26513570,10.9568431,48.379106,2212.6528706876584,> 1500 m
26513588,10.9529838,48.3789664,1900.0255472776585,> 1500 m
26513709,10.9331127,48.3673787,1794.47185230223,> 1500 m
26513735,10.9515523,48.3802732,1659.8408063379006,> 1500 m
26513743,10.9294212,48.3694792,1556.7785956829782,> 1500 m
26513771,10.9481983,48.3820941,1657.9053593165042,> 1500 m
26513790,10.9555585,48.3785843,2138.778502755752,> 1500 m
26513796,10.9551287,48.3795829,2023.2471168431707,> 1500 m
26513839,10.9535497,48.3806089,1803.559569414791,> 1500 m
26513848,10.9527788,48.379418,1851.519016950872,> 1500 m
26513856,10.9555116,48.3779422,2180.8738612351253,> 1500 m
26513996,10.9536778,48.3772057,2102.513722521484,> 1500 m
26514002,10.956644,48.379866,2139.50238821856,> 1500 m
26514021,10.9564474,48.3808539,2057.115844824797,> 1500 m
26514108,10.9515902,48.37974,1719.1960614950813,> 1500 m
26517217,10.88856,48.3377837,1607.3949021764306,> 1500 m
26519561,10.9326775,48.3698911,1543.8140845985013,> 1500 m
26519562,10.933591,48.3688532,1677.5140130830423,> 1500 m
26519583,10.950612,48.3803042,1575.196736742776,> 1500 m
26519586,10.949866,48.3824716,1609.624401839163,> 1500 m
26519593,10.9525647,48.3799171,1793.8128801325065,> 1500 m
26519594,10.9519056,48.3787797,1817.7323980498177,> 1500 m
26519595,10.9534086,48.3779793,2014.189116187565,> 1500 m
26519596,10.9553402,48.3780565,2162.935423715124,> 1500 m
26519597,10.9554874,48.377746,2202.763430066417,> 1500 m
26519612,10.9295269,48.3951438,1573.917210349947,> 1500 m
26582578,10.8483284,48.3187998,1618.8030873346768,> 1500 m
26582671,10.8442248,48.3208724,2011.8393922271189,> 1500 m
26658657,10.8203708,48.3144928,3289.5582756903614,> 1500 m
26658659,10.8190423,48.3130621,3486.4638128110414,> 1500 m
31918912,10.8787221,48.332511,1516.3167635158115,> 1500 m
31918947,10.8796028,48.3326783,1520.860467318884,> 1500 m
31919029,10.8746866,48.3311676,1504.9079609199882,> 1500 m
31919038,10.8765562,48.3303406,1670.916357526931,> 1500 m
31919044,10.8768564,48.3306438,1641.6751826445322,> 1500 m
31919048,10.8771589,48.3309436,1610.78729114564,> 1500 m
33481871,10.9565195,48.3814497,2024.5000827227557,> 1500 m
33481872,10.956644,48.3815883,2042.446088795505,> 1500 m
33481875,10.9553138,48.3830669,1905.407505042428,> 1500 m
33529315,10.9563673,48.3813457,2040.6270058587352,> 1500 m
34212109,10.8752314,48.3099234,1679.60121508879,> 1500 m
34212153,10.8791985,48.3102943,1563.2360587735716,> 1500 m
34212560,10.869944,48.2927365,3473.688289015022,> 1500 m
34212566,10.8733233,48.2979389,2842.771102407288,> 1500 m
35792482,10.9148358,48.2807186,2791.35437791804,> 1500 m
35792491,10.9250969,48.2708386,4195.74952233846,> 1500 m
35792493,10.9261781,48.277969,3698.9814103158014,> 1500 m
35792495,10.9251955,48.2792293,3540.907945013313,> 1500 m
35792500,10.9225788,48.2820758,3160.252618867998,> 1500 m
35792506,10.9131902,48.2798566,2601.2971722482234,> 1500 m
35792518,10.909937,48.283739,2210.0906565759647,> 1500 m
35792535,10.9070718,48.2747207,3294.157537191799,> 1500 m
35792536,10.9036769,48.2727189,3630.864759978552,> 1500 m
35792542,10.9136476,48.2701611,3721.1028033243833,> 1500 m
35792543,10.9135831,48.2671734,4053.359105040777,> 1500 m
50006912,10.9068422,48.2874764,1726.470478223596,> 1500 m
50006931,10.9073816,48.2843653,2092.304293983556,> 1500 m
50006963,10.9041991,48.2785818,2933.764540248448,> 1500 m
50007017,10.917988,48.270086,3923.385370033483,> 1500 m
50007021,10.9172052,48.2646123,4534.903787463571,> 1500 m
50007031,10.9162074,48.2582815,5243.343520141792,> 1500 m
50007175,10.9389511,48.2938596,3377.811651255359,> 1500 m
50007181,10.9339018,48.295497,2962.232942961971,> 1500 m
50007192,10.9252168,48.2983366,2246.249120340775,> 1500 m
50007196,10.9232354,48.2939368,2347.3944990040845,> 1500 m
50007199,10.9202857,48.2945107,2120.039866845188,> 1500 m
50007229,10.916436,48.2952557,1823.2381155505807,> 1500 m
60861200,10.8279382,48.3129529,2697.935321434469,> 1500 m
118257567,10.9444124,48.3162553,3370.9314413686334,> 1500 m
119317557,10.8943357,48.3891682,1957.310812542304,> 1500 m
119317562,10.896168,48.3902152,2002.6568037278664,> 1500 m
119317581,10.8923243,48.3963271,2754.3576563432566,> 1500 m
119317642,10.8892292,48.4001891,3337.483269020168,> 1500 m
119317656,10.8887008,48.3960495,2880.001971405873,> 1500 m
186022865,10.8963953,48.3876354,1728.533499126284,> 1500 m
186022889,10.8945602,48.3868176,1895.097507585153,> 1500 m
186022992,10.8922621,48.3890757,2177.066551325277,> 1500 m
186022999,10.8909125,48.3901005,2328.7827801413714,> 1500 m
186023104,10.8938776,48.3863167,1970.224285959181,> 1500 m
186023113,10.8923307,48.3879581,2155.3354934691665,> 1500 m
186023121,10.8933493,48.3882128,2074.4628923023997,> 1500 m
186023131,10.8922145,48.388127,2156.0857269962894,> 1500 m
186023137,10.8931589,48.3884244,2078.9054502296453,> 1500 m
207155458,10.8529245,48.3017908,1667.6098477169712,> 1500 m
247094100,10.9160563,48.2722308,3519.7880297941265,> 1500 m
251317261,10.9260846,48.3445046,1570.14488745757,> 1500 m
254465038,10.8690362,48.4003905,1564.3118236945625,> 1500 m
254465043,10.86898,48.400952,1592.456195680092,> 1500 m
254465083,10.8705792,48.4030479,1846.5149466104249,> 1500 m
254471035,10.8703325,48.403124,1824.8257298954047,> 1500 m
254471044,10.8701758,48.4031729,1842.1988531203333,> 1500 m
255237012,10.8256437,48.2989514,3968.972702496592,> 1500 m
255237018,10.8220723,48.3045167,3710.811361765681,> 1500 m
255237021,10.8267921,48.3043554,3361.252039425289,> 1500 m
255237022,10.8330825,48.3047937,2979.795612753534,> 1500 m
255237025,10.8327265,48.304125,3058.6763231429227,> 1500 m
256030111,10.9387966,48.2811047,4490.610180727125,> 1500 m
256031266,10.9406394,48.2944589,3654.072473412016,> 1500 m
256031268,10.9406744,48.2957303,3574.5474123190584,> 1500 m
256031298,10.9503114,48.3024875,3388.8427486952714,> 1500 m
256031321,10.9496492,48.3072207,3491.8299491803514,> 1500 m
256031323,10.9491047,48.3074515,3444.0255275692416,> 1500 m
256031324,10.9486765,48.307712,3487.059924828104,> 1500 m
256032281,10.9445315,48.3173106,3489.95629175293,> 1500 m
256033098,10.9396717,48.3301078,2623.7917912386624,> 1500 m
256033105,10.9384179,48.3309197,2493.938298394391,> 1500 m
256037385,10.9366519,48.2777416,4758.370636178196,> 1500 m
256037388,10.9370474,48.2781161,4813.920853970614,> 1500 m
256092698,10.9444867,48.2942633,6619.237644635603,> 1500 m
256092699,10.9443442,48.2933114,6725.972674450248,> 1500 m
256093877,10.946712,48.2851677,7659.934696570097,> 1500 m
256093888,10.9439654,48.2810803,8160.917302934125,> 1500 m
256098384,10.9481412,48.2980474,6097.955793213117,> 1500 m
256297336,10.9453414,48.3938898,2069.101869808935,> 1500 m
256297342,10.9328079,48.3929313,1723.8904578965196,> 1500 m
256297352,10.9358887,48.3938685,1843.5845998337988,> 1500 m
256297354,10.9345952,48.3963668,1867.7882739584647,> 1500 m
256297355,10.9338076,48.3977688,1816.4761812183008,> 1500 m
256297357,10.9333122,48.3985943,1717.6506646019377,> 1500 m
256297358,10.932185,48.4007756,1871.37027245266,> 1500 m
256297360,10.9321183,48.4008897,1871.6775989029743,> 1500 m
256297363,10.9398969,48.3978379,2292.478969420613,> 1500 m
256297365,10.937211,48.3970311,2074.8204660114766,> 1500 m
256297368,10.9327548,48.3959612,1724.620501428279,> 1500 m
256297373,10.9363309,48.3984695,2017.1879459853071,> 1500 m
256297382,10.9414084,48.3955939,2225.6279292046406,> 1500 m
256297383,10.9432132,48.3927773,1869.04560140532,> 1500 m
256297390,10.9415837,48.395351,2179.921605249989,> 1500 m
256297393,10.9383595,48.3945478,2041.194973551132,> 1500 m
256297394,10.9413037,48.3954146,2204.3284000642325,> 1500 m
256297410,10.931338,48.4006046,1805.8929794705928,> 1500 m
256297413,10.9371035,48.4022716,2271.4785159395938,> 1500 m
256297416,10.9349999,48.4015892,2098.1275633736427,> 1500 m
256297419,10.9307592,48.3980448,1519.509572811916,> 1500 m
256297431,10.9416743,48.3955248,2202.3428446311486,> 1500 m
256999985,10.9352411,48.4109402,3205.785685029304,> 1500 m
256999987,10.9344056,48.4119323,3079.3952342272896,> 1500 m
256999988,10.9341903,48.4122011,3045.544313484424,> 1500 m
256999991,10.9335667,48.4129156,2953.278785672315,> 1500 m
256999994,10.9307822,48.4130633,2746.559344037625,> 1500 m
256999995,10.9280125,48.4131801,2541.7259168523947,> 1500 m
256999996,10.9262231,48.4132649,2409.319442185466,> 1500 m
256999999,10.9245354,48.4133628,2288.7945248868964,> 1500 m
257000018,10.9261053,48.4130953,2413.15547178436,> 1500 m
257000021,10.9245901,48.4131727,2300.9935267666465,> 1500 m
257000022,10.9280489,48.4130378,2557.788413859804,> 1500 m
257000023,10.9281986,48.4128315,2583.25014320986,> 1500 m
257000024,10.9283328,48.4126244,2608.318420968961,> 1500 m
257000026,10.9305414,48.4127389,2756.4709540227195,> 1500 m
257000027,10.9306893,48.4129148,2753.146438702064,> 1500 m
257000044,10.9350243,48.4108635,3220.855584049468,> 1500 m
257000045,10.9342204,48.4118578,3095.378779411408,> 1500 m
257406643,10.9055393,48.2775092,3032.314246254832,> 1500 m
257406683,10.909526,48.2725126,3624.168545543661,> 1500 m
257406685,10.908753,48.2724181,3597.738187717899,> 1500 m
257406690,10.907693,48.2722086,3639.577890568375,> 1500 m
258077644,10.956713,48.3826365,2159.2381600826147,> 1500 m
258803234,10.9512051,48.3219888,2841.8375026303715,> 1500 m
258842205,10.91952,48.3377873,1607.0252697236765,> 1500 m
258842210,10.926471,48.3353281,2154.8097689211622,> 1500 m
258842215,10.928601,48.3337835,2360.3227427863994,> 1500 m
258842224,10.9276072,48.3282159,2373.243613606494,> 1500 m
258842229,10.9267459,48.3259697,2331.470172427126,> 1500 m
258842231,10.9267094,48.3252432,2348.5263842036343,> 1500 m
259142657,10.9560181,48.3380639,1616.2530723675682,> 1500 m
259142726,10.9544167,48.3443871,1560.709264978071,> 1500 m
259705503,10.8487292,48.3188173,1630.3143741346062,> 1500 m
260037178,10.8770676,48.3301143,1716.3310594086204,> 1500 m
260037179,10.8776725,48.3307175,1656.324814738743,> 1500 m
260037181,10.8790671,48.3309044,1662.3668686584654,> 1500 m
260037182,10.8793566,48.3308897,1683.8306499184828,> 1500 m
260037184,10.8797133,48.330807,1713.141442519371,> 1500 m
260037191,10.8769388,48.3283318,1747.2460781360885,> 1500 m
260037193,10.876731,48.3283958,1728.1589127705474,> 1500 m
260037194,10.876017,48.3290678,1636.6216890443573,> 1500 m
260192423,10.9298373,48.3390312,1664.1023609712547,> 1500 m
260199793,10.8794942,48.3314787,1634.168214827468,> 1500 m
260199796,10.8779026,48.3309455,1631.3907071879237,> 1500 m
260202046,10.8753884,48.3304254,1554.2824611717083,> 1500 m
260346716,10.9379485,48.289054,3654.049742034107,> 1500 m
260346718,10.9383454,48.2851034,4043.974383537091,> 1500 m
260346898,10.9372895,48.2944059,3240.6978777369022,> 1500 m
260347246,10.9330231,48.2985811,2852.7638821668197,> 1500 m
260347271,10.9335379,48.3050235,2115.717293628059,> 1500 m
260347446,10.935296,48.308122,2495.907697343657,> 1500 m
260347754,10.9340884,48.3039591,2265.774844126487,> 1500 m
260347759,10.9341926,48.3049226,2165.4461193360366,> 1500 m
260347781,10.9326631,48.2998382,2705.471670475857,> 1500 m
260347927,10.934919,48.3211398,2844.1813364312693,> 1500 m
260347929,10.9306188,48.3109501,2021.837691212647,> 1500 m
260347930,10.9319981,48.3141957,2396.870475086132,> 1500 m
260347940,10.9357516,48.3230039,3060.455775688938,> 1500 m
260348070,10.9358689,48.3235615,3123.297489208952,> 1500 m
260348075,10.9365275,48.3247492,3186.5991106169777,> 1500 m
260348078,10.9361866,48.3252499,3124.960844861825,> 1500 m
260348085,10.935313,48.3262333,2997.9425645101896,> 1500 m
260348089,10.9333562,48.3266471,2845.7246963157645,> 1500 m
260348093,10.9327556,48.3267703,2799.239093352832,> 1500 m
260348111,10.9289962,48.3302685,2623.7824779763464,> 1500 m
260348227,10.9293396,48.3308392,2580.7068029747475,> 1500 m
260351930,10.9343691,48.2770239,4521.761375661643,> 1500 m
260351938,10.9258966,48.276059,3885.6154853002513,> 1500 m
260352355,10.926286,48.301014,2217.02467709289,> 1500 m
260352437,10.9325136,48.3012874,2539.0392831419244,> 1500 m
260352680,10.9387153,48.3042629,2508.140177445262,> 1500 m
260352688,10.9284123,48.3058353,1725.9527752927945,> 1500 m
260353100,10.94184,48.3140745,3148.6728372173075,> 1500 m
260353104,10.9425656,48.3140776,3211.7043739479063,> 1500 m
260353183,10.9429021,48.3170343,3225.6788547519404,> 1500 m
260983116,10.9079432,48.2740709,3391.00635176744,> 1500 m
260983121,10.9095229,48.2726841,3604.6080966414056,> 1500 m
260983129,10.9111377,48.2714667,3539.987697212621,> 1500 m
260983130,10.9113537,48.271715,3507.653826012456,> 1500 m
260983132,10.9114636,48.2713315,3551.7419798963024,> 1500 m
260983138,10.9136758,48.2707477,3655.8423825342384,> 1500 m
260983139,10.913912,48.2709267,3629.153039030561,> 1500 m
260983151,10.9131537,48.2757871,3063.509928732054,> 1500 m
260983159,10.9134941,48.2782896,2777.995807062275,> 1500 m
260983160,10.9133485,48.2790549,2692.0465475689384,> 1500 m
262093642,10.9277535,48.2930374,2696.28476550865,> 1500 m
262093645,10.932229,48.2921444,3041.9753729239187,> 1500 m
262093649,10.9320292,48.2961094,2807.8539794657354,> 1500 m
262093772,10.9272904,48.2852977,3225.5056760082957,> 1500 m
262093775,10.9332765,48.2851161,3668.9140883695673,> 1500 m
262093809,10.9335892,48.2825507,3955.110790601637,> 1500 m
262093812,10.9353561,48.2826207,4086.0850639478185,> 1500 m
262093815,10.9385773,48.2827817,4302.708068708836,> 1500 m
262148397,10.8800961,48.3171304,1521.8641965728996,> 1500 m
262873919,10.8888182,48.3256371,1594.5843508146045,> 1500 m
263687467,10.8231785,48.3416572,4153.692453941672,> 1500 m
263687492,10.8078247,48.329777,5121.378833655576,> 1500 m
263687513,10.8034949,48.3345955,5127.252297206879,> 1500 m
263687522,10.8101675,48.3420714,5128.613090031023,> 1500 m
263756389,10.8287128,48.3206081,3709.5633664764086,> 1500 m
263756392,10.8272066,48.3185415,3453.788382220542,> 1500 m
263756395,10.8253187,48.3195397,3632.225319199759,> 1500 m
263760271,10.821503,48.3143815,3203.020117298919,> 1500 m
263760289,10.8248547,48.3137158,2940.683763893052,> 1500 m
263760296,10.8279604,48.3130072,2697.666004474268,> 1500 m
263760347,10.8408203,48.3147792,1651.3150862538926,> 1500 m
263769041,10.8445083,48.3228022,2213.57091534082,> 1500 m
263769043,10.8444635,48.322867,2221.501256198896,> 1500 m
263769062,10.8460163,48.3266683,2548.6361054305794,> 1500 m
264104535,10.7969827,48.2954434,6477.672602298206,> 1500 m
264104537,10.7975813,48.295546,6431.944041293784,> 1500 m
264104553,10.8048809,48.2933217,7054.935853592441,> 1500 m
264946324,10.9110501,48.2759278,3036.1371216708835,> 1500 m
264946328,10.9113161,48.2780783,2795.4778593589817,> 1500 m
264946331,10.9047583,48.273433,3518.1241055659866,> 1500 m
264946686,10.9062144,48.2712008,3755.370358688159,> 1500 m
264946690,10.9068069,48.2716922,3684.6505328791854,> 1500 m
264946691,10.9070131,48.2718995,3656.945808231788,> 1500 m
265069730,10.8858356,48.3259088,1953.1556557841304,> 1500 m
265069771,10.8877429,48.3238208,2196.227022300481,> 1500 m
266308235,10.8196539,48.3238448,4348.50189981214,> 1500 m
266308243,10.8185432,48.3222905,4362.663699679753,> 1500 m
266308249,10.8195617,48.3204911,4096.820571890293,> 1500 m
266308715,10.8207742,48.323746,4264.9419327368205,> 1500 m
266308716,10.8199149,48.3221844,4260.558705128611,> 1500 m
266312159,10.8236336,48.3222787,3915.735567088584,> 1500 m
266312165,10.8258447,48.321895,3743.740087604632,> 1500 m
266312166,10.8260309,48.3217958,3726.098831292189,> 1500 m
266312167,10.8264297,48.3216764,3693.368566424026,> 1500 m
266313755,10.8278505,48.3217008,3552.4465381592745,> 1500 m
266313772,10.8328325,48.3237188,3113.320600720353,> 1500 m
266316573,10.8333432,48.3242638,3050.289185307173,> 1500 m
266316574,10.833456,48.3242213,3040.7034200548783,> 1500 m
266316582,10.8354505,48.3235094,2873.301146355142,> 1500 m
266316595,10.8402441,48.322274,2492.957208272409,> 1500 m
266316618,10.8390802,48.3174082,1937.976001972169,> 1500 m
266316632,10.8430999,48.3169098,1635.138193284838,> 1500 m
266350793,10.9184672,48.3355047,1551.6466331140614,> 1500 m
266350808,10.9180733,48.3331781,1824.057044591735,> 1500 m
266350819,10.9169946,48.3327015,1751.137324944733,> 1500 m
266350865,10.9165394,48.3267657,1561.1469293530304,> 1500 m
266350869,10.9176999,48.3265318,1650.8018134795336,> 1500 m
266350873,10.9196848,48.3262148,1801.7282425532253,> 1500 m
266350885,10.9230817,48.3258016,2059.860080082566,> 1500 m
266350889,10.9249732,48.3258952,2200.117208211783,> 1500 m
266350909,10.9301052,48.3261132,2580.3515330053474,> 1500 m
266354763,10.9363605,48.3261111,3073.785914730489,> 1500 m
266354765,10.9364853,48.3261923,3060.876350758681,> 1500 m
266354774,10.9363725,48.3280842,2847.164044482402,> 1500 m
266354783,10.9379939,48.3301423,2587.41200706416,> 1500 m
266354794,10.9355179,48.3315558,2392.4307390921763,> 1500 m
266354812,10.9333495,48.3340584,2095.2123080860306,> 1500 m
266354820,10.9341028,48.3360355,1867.0662907788144,> 1500 m
266354822,10.93415,48.3362469,1843.302141858632,> 1500 m
266354827,10.9337611,48.3379149,1653.975074680818,> 1500 m
266354835,10.9328949,48.3393517,1500.3060614237163,> 1500 m
266358489,10.9165445,48.3442492,1904.711360772483,> 1500 m
266811210,10.8682646,48.3051913,1570.771329889761,> 1500 m
266811226,10.8751868,48.3045114,2099.0269627992425,> 1500 m
266811230,10.8793772,48.3049727,1938.2702442565635,> 1500 m
267223579,10.955759,48.3380444,1596.9760613876865,> 1500 m
267287322,10.9317956,48.3664601,1748.394898940819,> 1500 m
267287325,10.9294838,48.369034,1587.350595607882,> 1500 m
267287343,10.9278707,48.3684306,1665.6990399696151,> 1500 m
267287391,10.8993956,48.3899894,1549.0109145947756,> 1500 m
267287394,10.8992754,48.3919433,1634.6255910808832,> 1500 m
267287400,10.8951711,48.3973441,1582.5962512989413,> 1500 m
267287401,10.8959401,48.3976111,1518.3588245453975,> 1500 m
267287412,10.8895667,48.406327,2604.667352370596,> 1500 m
267287414,10.8896573,48.4081795,2785.960060006584,> 1500 m
267287418,10.8901088,48.41299,2844.510268213549,> 1500 m
267287419,10.890097,48.4133777,2814.935010910298,> 1500 m
267287422,10.8897449,48.4144666,2947.0576084459444,> 1500 m
267287425,10.8903194,48.4153652,3039.324483596685,> 1500 m
267287434,10.8911026,48.4240548,3797.09590645369,> 1500 m
267287435,10.8911092,48.4246666,3834.975719120238,> 1500 m
267287443,10.8905281,48.4081313,2721.2734808264054,> 1500 m
267732724,10.9039825,48.2736094,3559.870886186793,> 1500 m
267732727,10.9054775,48.2741424,3433.611629397097,> 1500 m
267732728,10.9058044,48.2741203,3409.293987462708,> 1500 m
267914227,10.8180105,48.3145185,3465.2129867295166,> 1500 m
267914229,10.8167062,48.314045,3575.821753667716,> 1500 m
267916501,10.8101786,48.3124111,4107.327938254443,> 1500 m
267916508,10.8065866,48.3105175,4451.699895920661,> 1500 m
267916532,10.7830166,48.3079457,6252.790401641246,> 1500 m
267923792,10.8371323,48.2915795,3619.520920914934,> 1500 m
267923825,10.8461508,48.3013378,2204.869912543241,> 1500 m
267923837,10.8458787,48.306828,1991.4980012388507,> 1500 m
267923839,10.8455702,48.3077807,1880.817004429487,> 1500 m
267923841,10.8462379,48.3091725,1716.201873432563,> 1500 m
267925150,10.845165,48.3312738,2163.764517786951,> 1500 m
267926162,10.8337013,48.3243338,3063.7547168199158,> 1500 m
268089775,10.9212523,48.2853909,2778.5630844256407,> 1500 m
268089776,10.9376283,48.2910556,3459.373372123735,> 1500 m
268090310,10.9362049,48.3045911,2318.841152521581,> 1500 m
268090314,10.9118721,48.2856303,1945.0343516666996,> 1500 m
268102866,10.9163266,48.4221743,3590.519796260377,> 1500 m
268102868,10.9161246,48.4218806,3626.8934233655,> 1500 m
268272095,10.9183169,48.3375439,1527.16495208445,> 1500 m
268272097,10.9187089,48.337795,1547.0508757618468,> 1500 m
268272112,10.9189309,48.3306461,1752.2285762001973,> 1500 m
268272120,10.922632,48.3177396,1553.292237710108,> 1500 m
268272125,10.9407336,48.3162387,2978.732313283668,> 1500 m
268272130,10.9381272,48.3094673,2601.7385845756576,> 1500 m
268272132,10.922756,48.3125002,1575.0804880836747,> 1500 m
268841603,10.9199502,48.4207374,2811.252016029284,> 1500 m
268841617,10.9205575,48.4210339,3122.8026375153304,> 1500 m
268841627,10.9199336,48.4213606,2860.562433748947,> 1500 m
268841669,10.9252178,48.4220149,4041.388154640082,> 1500 m
269393258,10.9001775,48.2869645,2285.558220813769,> 1500 m
269393260,10.8999874,48.2867022,2312.1553312672568,> 1500 m
269393261,10.9002713,48.286676,2290.94861128196,> 1500 m
269393264,10.8994913,48.2849599,2493.4802828219213,> 1500 m
269393268,10.9035353,48.2846176,2194.428064425269,> 1500 m
269393280,10.9016953,48.2803418,2658.4664618844536,> 1500 m
269393283,10.9019191,48.2807409,2668.8389295088737,> 1500 m
269393290,10.9061359,48.2695232,4663.621377293859,> 1500 m
269393294,10.9101319,48.2628694,4841.821424184108,> 1500 m
269393297,10.9124198,48.2583751,5047.533912586513,> 1500 m
269393697,10.9135876,48.2669737,4075.567261200927,> 1500 m
269393698,10.9175691,48.2668759,4281.689329910018,> 1500 m
269463677,10.889752,48.413653,2855.13314123778,> 1500 m
269463684,10.8898421,48.4104738,2963.912185524745,> 1500 m
269463698,10.8909688,48.4243466,3831.839302048886,> 1500 m
269463710,10.8910469,48.4247919,3853.7650015928166,> 1500 m
269463711,10.8911046,48.4245063,3817.146114961845,> 1500 m
269463712,10.8910277,48.4246753,3841.066876604143,> 1500 m
269463714,10.8902011,48.406361,2557.6860409122983,> 1500 m
269599970,10.9557469,48.3381587,1584.235033719439,> 1500 m
269694887,10.944412,48.3164106,3388.2000632025547,> 1500 m
269694889,10.9445974,48.3168239,3436.2058015225966,> 1500 m
269694891,10.9454816,48.3167274,3502.464098711317,> 1500 m
269694925,10.9497846,48.3088683,3725.089525938744,> 1500 m
269694953,10.9504145,48.3013563,3633.88293164647,> 1500 m
269694961,10.948579,48.301099,3543.6403538956115,> 1500 m
269698507,10.9198029,48.3376528,1632.7338931838017,> 1500 m
269698508,10.9199256,48.3371501,1655.6793036844815,> 1500 m
269698511,10.9205438,48.336127,1733.471850858129,> 1500 m
269698528,10.9294825,48.330845,2570.1231602581183,> 1500 m
269698534,10.9287872,48.3334754,2400.2717759920565,> 1500 m
269698539,10.9334064,48.3297054,2665.473923292948,> 1500 m
269698546,10.9395571,48.3287995,2786.444931592,> 1500 m
269698548,10.9395634,48.3298616,2663.9821207656,> 1500 m
269698549,10.9397985,48.3299434,2644.365660329948,> 1500 m
269917996,10.9257085,48.2748373,3957.033722246632,> 1500 m
269918001,10.920525,48.2817619,3070.984411569172,> 1500 m
269918002,10.9180412,48.2854255,2577.361244128154,> 1500 m
269918006,10.9290606,48.3318047,2499.2446664728445,> 1500 m
269918119,10.9249576,48.2759439,3814.955918384704,> 1500 m
269918150,10.9222451,48.2797207,3338.3272373511186,> 1500 m
269918308,10.9180655,48.289677,2181.0709013419296,> 1500 m
270116743,10.89278,48.3997299,1903.5584024291504,> 1500 m
270485814,10.8841151,48.326701,2349.391457259039,> 1500 m
270491000,10.8805704,48.3246998,1947.0285417106957,> 1500 m
270491001,10.8799834,48.3238155,1842.8758981561564,> 1500 m
270491003,10.8791547,48.3223988,1676.989513997657,> 1500 m
270491012,10.8790179,48.325068,2094.6855346791685,> 1500 m
270491024,10.8842599,48.3242017,2045.8152967204703,> 1500 m
271169094,10.9429249,48.2848692,4397.50395439052,> 1500 m
271169129,10.9432172,48.2851892,4439.171095362585,> 1500 m
271169132,10.9432368,48.2856248,4420.998170421466,> 1500 m
271169133,10.9443573,48.2856667,4565.367641141727,> 1500 m
271169138,10.944256,48.2877416,4396.117114311378,> 1500 m
271169159,10.9104796,48.2792987,2721.655468755657,> 1500 m
271169163,10.9106445,48.2796635,2765.330419628681,> 1500 m
271169168,10.9066044,48.2871307,1768.7545263896964,> 1500 m
271169169,10.9108551,48.2872237,1752.4420262996189,> 1500 m
271169412,10.9138036,48.288292,1947.37489299073,> 1500 m
271169413,10.9108335,48.2893737,1696.8536953876956,> 1500 m
271194163,10.9136228,48.2646248,4336.766388808854,> 1500 m
271194169,10.9060119,48.265084,4903.683522493033,> 1500 m
271196671,10.9249348,48.2697879,4313.197663791206,> 1500 m
271388923,10.9283543,48.420587,3582.736182083436,> 1500 m
271388926,10.9286409,48.4208524,3620.677095444376,> 1500 m
271388932,10.9279456,48.4226197,3829.154636357081,> 1500 m
271411092,10.9045974,48.2868014,2167.806881768121,> 1500 m
271789425,10.9127489,48.2827022,2277.575740477923,> 1500 m
271789439,10.9495847,48.3025728,3333.8770081500165,> 1500 m
271789445,10.9353652,48.277093,4596.581661043554,> 1500 m
271924094,10.8990762,48.2806635,2868.1045712191244,> 1500 m
271924095,10.9000952,48.2808413,2804.4284065204333,> 1500 m
271927040,10.9048488,48.2845815,2096.9376978740684,> 1500 m
272339539,10.9559628,48.3378319,1648.2892057570616,> 1500 m
274761678,10.8994285,48.2799461,2872.34657075882,> 1500 m
274805064,10.9016966,48.2733175,3738.537255550973,> 1500 m
275359973,10.9186264,48.3242267,1659.4094564339105,> 1500 m
275359976,10.9184701,48.3238236,1630.6007281982,> 1500 m
275359978,10.9233362,48.3229884,1884.6308922297203,> 1500 m
275359986,10.9248134,48.3218693,2065.1347348395284,> 1500 m
277174038,10.891487,48.3377949,1853.723627261946,> 1500 m
277290752,10.9115363,48.4231369,3087.071615722241,> 1500 m
277290785,10.9102865,48.4230088,2993.6655246188616,> 1500 m
277290787,10.9105621,48.423349,3217.501306591273,> 1500 m
277290792,10.911378,48.4236613,3146.545275919576,> 1500 m
277896803,10.9480763,48.3657123,1661.9883596823047,> 1500 m
279643508,10.8886753,48.3256509,1605.3555004626303,> 1500 m
279727936,10.8385538,48.3288184,2797.08275221388,> 1500 m
279730494,10.8425041,48.3292376,2478.4307380218825,> 1500 m
279730498,10.840912,48.3293464,2601.538594428889,> 1500 m
279730505,10.8386049,48.3297379,2816.087585101517,> 1500 m
279730509,10.838651,48.3281131,2826.083389983816,> 1500 m
279730514,10.8402785,48.327899,2700.387578156453,> 1500 m
279730515,10.8359596,48.3282431,3025.589826300319,> 1500 m
279730907,10.8415697,48.3286573,2572.958698057134,> 1500 m
279730934,10.8357454,48.3273021,3052.393618867356,> 1500 m
279731718,10.8385568,48.3295122,2842.133264667996,> 1500 m
279731719,10.8382538,48.3295179,2857.324058666416,> 1500 m
279742786,10.8178836,48.32315,4453.920419681763,> 1500 m
279742789,10.8172886,48.3223881,4358.175380850208,> 1500 m
279742795,10.8166929,48.3207927,4169.387545397407,> 1500 m
279744119,10.8158631,48.3211363,4242.04511124561,> 1500 m
279744125,10.8188703,48.3192687,3934.8898928994513,> 1500 m
279746464,10.8200475,48.3238094,4319.135752380571,> 1500 m
280008464,10.8227721,48.3232698,4093.013951346757,> 1500 m
280008523,10.8226715,48.3229992,4062.018857141147,> 1500 m
280008933,10.8237976,48.32281,3976.140172585053,> 1500 m
280548340,10.9245147,48.4197261,3283.6504566649137,> 1500 m
280548355,10.9251123,48.4201527,3365.5657276541897,> 1500 m
280548368,10.927469,48.4203945,3513.98775282613,> 1500 m
280548370,10.9252519,48.4198947,3341.1929365047613,> 1500 m
280548374,10.9250769,48.420221,3373.597180614955,> 1500 m
280787822,10.796549,48.3346338,5640.746147872881,> 1500 m
280787844,10.8118483,48.3351274,4501.670567717915,> 1500 m
280787850,10.8121884,48.335784,4422.521004107479,> 1500 m
280787854,10.8124736,48.3359241,4394.05496153806,> 1500 m
280787882,10.8258257,48.3352532,3394.8948005584944,> 1500 m
280787889,10.8262946,48.3345948,3312.7166270654907,> 1500 m
280787898,10.8275506,48.3351077,3200.114385868518,> 1500 m
280928934,10.7993776,48.3246308,5574.334122443843,> 1500 m
280928984,10.8139336,48.3217365,4399.680962457121,> 1500 m
281172589,10.8313077,48.3354947,2917.8345884840955,> 1500 m
281172597,10.8329926,48.3400801,3450.862242887469,> 1500 m
281509492,10.8565142,48.3308395,1668.9482469359014,> 1500 m
281520609,10.9170686,48.295162,1871.1819464075763,> 1500 m
281529167,10.9262361,48.3229967,2207.290909066155,> 1500 m
281529188,10.9252205,48.3208296,1952.521474438627,> 1500 m
281533007,10.9267718,48.3354774,2126.502734690177,> 1500 m
281533008,10.917427,48.342837,1972.641864172176,> 1500 m
281533019,10.9210312,48.3407084,1883.116891325875,> 1500 m
281536352,10.9178416,48.3437133,1953.83355191912,> 1500 m
281537233,10.8552692,48.3335629,1516.09821021036,> 1500 m
281537252,10.8528948,48.3308021,1870.307219277684,> 1500 m
281537267,10.8525624,48.3304048,1920.8929120147257,> 1500 m
281537278,10.8547481,48.3333855,1541.375481669916,> 1500 m
281537300,10.8525449,48.3312802,1828.0888026421796,> 1500 m
281540048,10.9187415,48.3399076,1723.0521515324751,> 1500 m
281540057,10.9173566,48.3427209,1958.7121120889435,> 1500 m
281540059,10.9174789,48.3425497,1979.78569436364,> 1500 m
281540071,10.9195497,48.3380575,1637.1502759186544,> 1500 m
281541048,10.9180817,48.3328742,1857.8549351804884,> 1500 m
281560656,10.8498067,48.3259714,2326.7494309522567,> 1500 m
281569572,10.9174714,48.4117327,1612.4303222182984,> 1500 m
282633631,10.9178133,48.3498129,1544.9021342952458,> 1500 m
282661661,10.815854,48.3354923,4135.997618539656,> 1500 m
282662094,10.8324864,48.3387862,3294.060348563605,> 1500 m
282662095,10.8313268,48.3388952,3381.320357847888,> 1500 m
282729554,10.8794877,48.4044847,1605.7033120476422,> 1500 m
282834934,10.916112,48.4217739,3063.56011868629,> 1500 m
282834943,10.9197095,48.4208625,2773.504613464368,> 1500 m
283131682,10.8552382,48.3222796,1763.7228694946448,> 1500 m
283131731,10.8509596,48.3042937,1574.409063547368,> 1500 m
283131758,10.8461179,48.2971229,2472.834166604608,> 1500 m
283198784,10.8657462,48.2928665,3208.3693871354926,> 1500 m
283221819,10.9186538,48.3498146,1516.3844421875278,> 1500 m
283230958,10.8220742,48.3310215,3825.746020617658,> 1500 m
283231003,10.8107289,48.3267562,4821.118578540734,> 1500 m
283231009,10.8129462,48.3233641,4603.797262770561,> 1500 m
283237863,10.8057589,48.334579,4959.8868759239,> 1500 m
283237866,10.8034207,48.3343518,5156.164287797875,> 1500 m
283237868,10.8144411,48.3355361,4240.603976582,> 1500 m
283237871,10.8040804,48.3336523,5124.649102123913,> 1500 m
283237901,10.7991477,48.3322253,5550.274048007921,> 1500 m
283237920,10.8031578,48.3280319,5518.681390141218,> 1500 m
283237934,10.8073534,48.3295344,5165.5138240631295,> 1500 m
283239723,10.8056012,48.336958,4934.993102520814,> 1500 m
283239724,10.8013079,48.3346088,5288.954881655159,> 1500 m
283239765,10.8007162,48.3363252,5302.997981037003,> 1500 m
283239806,10.8056871,48.3433974,5491.266376186609,> 1500 m
283239856,10.8053451,48.343266,5521.072478057242,> 1500 m
283430811,10.8862619,48.4540133,7199.235255312075,> 1500 m
283431180,10.8909614,48.4521749,7122.093641548674,> 1500 m
283431556,10.8919223,48.4318774,4640.956071091171,> 1500 m
283431604,10.8888673,48.44464,6101.425793624564,> 1500 m
283431616,10.8906755,48.4448545,6237.179377614854,> 1500 m
283431663,10.8911162,48.4391038,5484.914520837081,> 1500 m
283431667,10.8918779,48.4345366,4938.220105438302,> 1500 m
284626100,10.9481984,48.3162989,3734.983028560344,> 1500 m
284626184,10.9473244,48.3164707,3667.310842620052,> 1500 m
284626229,10.9470995,48.316289,3692.665094289876,> 1500 m
284626906,10.9517083,48.3090787,4636.145615348029,> 1500 m
287042239,10.8099809,48.3458924,5553.7859450075175,> 1500 m
287042264,10.8033717,48.3440985,5679.311816839549,> 1500 m
288677295,10.8367402,48.29333,3500.3468088184554,> 1500 m
288677301,10.8373798,48.2918515,3584.089838358188,> 1500 m
288677930,10.8374635,48.2926868,3489.2893933155037,> 1500 m
288679473,10.8455471,48.3110515,1678.8510797901688,> 1500 m
288679493,10.8370069,48.2949659,3641.280704072023,> 1500 m
288679494,10.8373934,48.2948802,3673.8669783975033,> 1500 m
289434933,10.8685264,48.4003671,1517.8588021012165,> 1500 m
289434937,10.8689245,48.400311,1523.4510267378291,> 1500 m
289434946,10.8699055,48.3996875,1633.9008654073025,> 1500 m
289805239,10.8796842,48.4042734,1576.43441392441,> 1500 m
289805246,10.8826986,48.4049353,1787.4972710776012,> 1500 m
289805265,10.8843332,48.4038571,1638.0372583931464,> 1500 m
290231331,10.9195532,48.3459982,1650.2161788416226,> 1500 m
290231350,10.9190525,48.3445262,1813.731320000381,> 1500 m
290231368,10.9182503,48.3444593,1876.4366267221608,> 1500 m
290237297,10.9122614,48.3459644,1539.5448074741798,> 1500 m
290237341,10.9158655,48.3444252,1853.3501733131047,> 1500 m
290237381,10.9176283,48.3432808,2004.443288629056,> 1500 m
290237630,10.912775,48.3465579,1521.0333467161554,> 1500 m
290344651,10.8970226,48.4244938,3541.30662240665,> 1500 m
290344662,10.8961254,48.4229063,3350.0132538737216,> 1500 m
290697201,10.939147,48.3360724,1568.038595580094,> 1500 m
290702756,10.9488277,48.3192988,3319.0274050132643,> 1500 m
290704250,10.9473934,48.3168864,3620.6534217255567,> 1500 m
290790688,10.8330952,48.340717,3522.327925582313,> 1500 m
290793468,10.8049995,48.3436047,5547.068455926803,> 1500 m
290829083,10.8241648,48.339633,3917.07181164822,> 1500 m
290829096,10.8213332,48.3393997,4127.986547193866,> 1500 m
291731884,10.9487932,48.3184101,3537.2881029556893,> 1500 m
292234707,10.9514075,48.3007628,5643.872262293974,> 1500 m
292614568,10.814871,48.3286829,4439.629196737028,> 1500 m
292615256,10.8191552,48.3177949,3730.689623522599,> 1500 m
292615257,10.818933,48.3179188,3752.131818207144,> 1500 m
292615743,10.8179666,48.3173552,3779.703324307099,> 1500 m
292615747,10.8176994,48.3159715,3631.638221653776,> 1500 m
292615749,10.8176494,48.315433,3571.641043502887,> 1500 m
292617435,10.8195718,48.3169514,3630.823391490877,> 1500 m
292617439,10.8195365,48.3158699,3510.5243209559944,> 1500 m
292618768,10.8194783,48.317276,3667.573760311252,> 1500 m
292626354,10.8183673,48.3153908,3624.9353007262594,> 1500 m
292628205,10.8168964,48.3137526,3609.992305004145,> 1500 m
292628215,10.8193797,48.3135695,3424.772512991357,> 1500 m
292672134,10.9446735,48.2919014,6886.291509043892,> 1500 m
292686009,10.9398947,48.2686664,9713.632394436996,> 1500 m
292686013,10.9397378,48.2693766,9633.772165064967,> 1500 m
292686023,10.9392233,48.2703305,9519.600798717558,> 1500 m
292686102,10.9379001,48.2772234,8731.945380601288,> 1500 m
292686114,10.9383217,48.2779278,8647.627513594829,> 1500 m
292686194,10.9456762,48.2849471,7689.139251581005,> 1500 m
292686208,10.9464367,48.2847865,7706.671924741327,> 1500 m
293186990,10.870553,48.4032687,1853.402712502537,> 1500 m
293278094,10.9163681,48.2587927,5185.269003607365,> 1500 m
293278198,10.914733,48.2808745,2772.4234576890717,> 1500 m
293278201,10.9120455,48.2853084,1983.13050146818,> 1500 m
293278211,10.9094066,48.2708546,3809.797186660648,> 1500 m
294572017,10.9536849,48.3085786,4754.254526087655,> 1500 m
294581294,10.9125099,48.344813,1560.0344567484149,> 1500 m
295658627,10.9235923,48.3241465,2022.4203883908888,> 1500 m
295659218,10.9181935,48.3384577,1533.5653041751184,> 1500 m
295659219,10.9183528,48.338581,1551.6377855162414,> 1500 m
295659222,10.9192258,48.3389585,1631.1210597600543,> 1500 m
295659228,10.9154994,48.332688,1686.2446047451003,> 1500 m
296776501,10.8845002,48.4028693,1526.9870259211834,> 1500 m
296776503,10.8844636,48.4032226,1566.7964800255943,> 1500 m
296776506,10.8844582,48.4032951,1574.8679733150234,> 1500 m
296776517,10.8870978,48.4028807,1650.6690663031134,> 1500 m
296776520,10.8870599,48.4023279,1589.1367831118073,> 1500 m
296776574,10.8865225,48.4022558,1552.4470948944067,> 1500 m
296776701,10.8854389,48.4060815,2026.591370336164,> 1500 m
297286905,10.8969995,48.4243952,3530.211075602331,> 1500 m
297286913,10.8950583,48.4149537,2672.8094005253133,> 1500 m
297286921,10.8904162,48.413306,2789.3746764294656,> 1500 m
297286940,10.8911413,48.4114385,2810.0374010620712,> 1500 m
297286960,10.8952719,48.4234723,3442.5936993281725,> 1500 m
297472530,10.9199634,48.4179582,3565.411206926203,> 1500 m
297561866,10.8299714,48.3201032,3601.0999549997487,> 1500 m
297561926,10.8283202,48.3182509,3358.471971713619,> 1500 m
299439794,10.8229767,48.3197045,3863.356933535677,> 1500 m
299462225,10.8244038,48.3221742,3856.9565024023127,> 1500 m
299462231,10.8250982,48.3220096,3800.3942035489,> 1500 m
299462254,10.8244702,48.3223972,3882.444908741478,> 1500 m
299462258,10.8251994,48.32225,3828.153002197617,> 1500 m
299462264,10.8259546,48.3221424,3772.424765993556,> 1500 m
299462271,10.8269033,48.3220661,3749.096349812731,> 1500 m
299473791,10.8231547,48.3209392,4001.118858894208,> 1500 m
299473940,10.8241061,48.3207996,3928.983170726052,> 1500 m
299473950,10.8254743,48.3213695,3789.240293443234,> 1500 m
299473952,10.8257498,48.3216263,3754.158190519344,> 1500 m
299476796,10.8167137,48.3235101,4559.073341491674,> 1500 m
299477002,10.815314,48.321304,4286.722899471511,> 1500 m
299477207,10.8162114,48.3231375,4508.25309388294,> 1500 m
300063365,10.8416501,48.3286067,2568.0595110998097,> 1500 m
300264362,10.9479096,48.3152656,3852.00568677462,> 1500 m
301734397,10.9552996,48.3045714,5226.234188341302,> 1500 m
301808081,10.8246332,48.3220572,3835.450162882032,> 1500 m
301974751,10.9493331,48.3186604,3400.6832072665534,> 1500 m
301989701,10.9482115,48.3183392,3447.942267787756,> 1500 m
301991601,10.9504459,48.309696,4519.65205011561,> 1500 m
301991620,10.9516944,48.3092946,4623.252285443195,> 1500 m
301991622,10.9525914,48.3093547,4634.496740825384,> 1500 m
302275954,10.9326559,48.3662104,1689.9098857932145,> 1500 m
302343731,10.8621431,48.4038718,1836.908550409328,> 1500 m
302343964,10.8558609,48.4057941,1673.7606388385434,> 1500 m
302344319,10.856338,48.406033,1731.851783371181,> 1500 m
302604247,10.9471116,48.3945452,2218.5598042233028,> 1500 m
302909158,10.8550614,48.3542514,3195.2337632771823,> 1500 m
302909160,10.8551397,48.3541725,3076.7615692064,> 1500 m
302909165,10.8555081,48.3543015,2472.2924996101588,> 1500 m
302910313,10.8548881,48.3525969,2235.6820822777718,> 1500 m
303593172,10.9120174,48.3458856,1537.8159039748778,> 1500 m
303594237,10.9121544,48.3460475,1527.3780065037147,> 1500 m
303594242,10.9121783,48.3458296,1551.2387814115168,> 1500 m
303596214,10.9209266,48.3405425,1863.115089695287,> 1500 m
303596219,10.9190791,48.33923,1663.1987377699618,> 1500 m
303596931,10.9118577,48.3457395,1541.7428810314066,> 1500 m
303596950,10.9157352,48.3435309,1841.6077577904755,> 1500 m
303596955,10.9169812,48.3428491,1927.4578687344217,> 1500 m
303846812,10.8223545,48.322028,4172.54479039744,> 1500 m
303846822,10.8231647,48.3239385,4156.351975810229,> 1500 m
303846847,10.8221781,48.3211269,4126.098305416688,> 1500 m
303846850,10.8222046,48.321342,4106.676778038662,> 1500 m
303846859,10.8232849,48.3213146,4025.997390739888,> 1500 m
303866834,10.9141845,48.2583515,5178.202324098677,> 1500 m
303873099,10.9096878,48.2644846,4659.235391537982,> 1500 m
303980330,10.8606276,48.4062736,2122.307157646035,> 1500 m
303993894,10.7978228,48.3147173,5066.13077600097,> 1500 m
303993899,10.7924293,48.3146934,5465.894703100781,> 1500 m
303993902,10.7898595,48.312512,5774.882632713754,> 1500 m
303993905,10.7902539,48.3085273,5708.953684825893,> 1500 m
303993911,10.8142562,48.3133489,3773.474768133798,> 1500 m
303993922,10.8141312,48.3177686,4067.947378383035,> 1500 m
303993929,10.8179738,48.3185835,3858.427966326493,> 1500 m
303993936,10.8179725,48.3200126,4041.0092723888174,> 1500 m
303997860,10.8232913,48.319782,3888.16393275862,> 1500 m
303997863,10.8251817,48.3203879,3800.1044825148783,> 1500 m
303997867,10.8260544,48.3207426,3724.433248288181,> 1500 m
303997878,10.8252253,48.3203342,3800.543690555919,> 1500 m
303997880,10.825416,48.3201219,3828.0410717570617,> 1500 m
304056322,10.9487065,48.3180593,3508.6333016391927,> 1500 m
304056326,10.9486985,48.3179969,3519.169776118825,> 1500 m
304056346,10.9487699,48.31798,3544.615597410052,> 1500 m
304056375,10.948901,48.317944,3585.4253761362133,> 1500 m
304056426,10.9487948,48.3177851,3560.872553820507,> 1500 m
307733030,10.8239756,48.3208226,3938.965539467259,> 1500 m
307737055,10.8508679,48.3229214,1982.4334829456168,> 1500 m
307737100,10.8545347,48.3255627,2251.9753085996967,> 1500 m
307737144,10.8536779,48.3290994,1962.939013746464,> 1500 m
307737161,10.85384,48.3292937,1938.2328456474963,> 1500 m
307737216,10.8549518,48.3256345,2220.1210143828785,> 1500 m
307805056,10.8239628,48.3233242,4034.606783283811,> 1500 m
307805268,10.8262742,48.3284486,4640.322273017567,> 1500 m
307805572,10.8232966,48.3303714,3837.39676567536,> 1500 m
307806135,10.8244726,48.3312338,3968.019875058589,> 1500 m
307806198,10.8242401,48.331001,3936.947211655613,> 1500 m
307806399,10.8313105,48.3296285,3603.979503156797,> 1500 m
307806447,10.8315701,48.3354222,2906.1881808737207,> 1500 m
307806916,10.8322356,48.3341208,3101.65891979739,> 1500 m
307814015,10.8286992,48.3180842,3322.916581272674,> 1500 m
310099164,10.7967339,48.3312733,5759.469651732663,> 1500 m
310099171,10.786244,48.3314243,6537.665213647564,> 1500 m
310099257,10.7903041,48.3346612,6102.403401429524,> 1500 m
310099266,10.8031299,48.3345871,5154.24933587541,> 1500 m
310754441,10.9251561,48.3233751,2170.732446184684,> 1500 m
310844728,10.9407718,48.3169494,3057.867403625506,> 1500 m
310854853,10.9459985,48.3173102,3582.58437912067,> 1500 m
310854863,10.9471516,48.318971,3786.195642409258,> 1500 m
310854867,10.9454412,48.3171686,3571.501479351969,> 1500 m
310854872,10.9448686,48.3176685,3534.0563003750344,> 1500 m
310854905,10.9458213,48.3188031,3680.025587779582,> 1500 m
310854945,10.9488419,48.3220847,3760.413866026965,> 1500 m
310854992,10.9405668,48.3308618,2548.404020135411,> 1500 m
310855014,10.9400399,48.3313466,2478.4457596153243,> 1500 m
310855074,10.9372663,48.3360583,1912.5879071934175,> 1500 m
310855100,10.9462594,48.3103707,3833.9387327214768,> 1500 m
310855118,10.9202757,48.3388224,1738.3403777638955,> 1500 m
310855159,10.9223237,48.3415383,2002.2745946425996,> 1500 m
310858314,10.9218918,48.3273143,1919.690253253313,> 1500 m
310858322,10.9206774,48.3285261,1757.5688947680433,> 1500 m
310858381,10.92383,48.3316638,2194.044203648707,> 1500 m
313075834,10.8696756,48.4012179,1595.6847269212778,> 1500 m
313235354,10.8702137,48.4023731,1748.3201525591555,> 1500 m
313235362,10.8682945,48.4005732,1555.8975926604055,> 1500 m
313235376,10.869919,48.4041767,1960.220274435038,> 1500 m
313235377,10.8695797,48.4041323,1963.8998229713711,> 1500 m
316099874,10.8184305,48.3421027,4516.048475544581,> 1500 m
317558714,10.9550113,48.3044303,5234.083615427903,> 1500 m
317558715,10.9531599,48.309092,4685.207933512623,> 1500 m
320950166,10.8835268,48.3266771,2393.2897103607143,> 1500 m
320952545,10.8466451,48.3440015,2298.737119249524,> 1500 m
320952548,10.8471845,48.3438296,2297.93824826412,> 1500 m
320952833,10.851223,48.3436938,1990.2919906824784,> 1500 m
321594856,10.9289522,48.3318023,2491.2268352968485,> 1500 m
321594870,10.9237261,48.3382696,2083.2805462411825,> 1500 m
321984304,10.9189759,48.3249079,1717.631022009097,> 1500 m
321984325,10.9234144,48.3240411,2004.8021827876933,> 1500 m
321984350,10.9258959,48.3311058,2251.0358531105235,> 1500 m
321984354,10.9296386,48.3320146,2542.362349093656,> 1500 m
321984355,10.9297245,48.3320099,2535.9908123780187,> 1500 m
321984370,10.9307303,48.3316234,2442.4012605808944,> 1500 m
321984419,10.9326274,48.33021,2665.7585529084777,> 1500 m
321984508,10.9326911,48.333166,2207.331083231286,> 1500 m
321984529,10.9316277,48.3345002,2162.7060247952254,> 1500 m
321984547,10.9297063,48.3349679,2313.957826779527,> 1500 m
321984585,10.9271946,48.3352913,2164.63655341228,> 1500 m
321984587,10.9268299,48.3354327,2133.071558867852,> 1500 m
322055406,10.9177272,48.328754,1523.7767136575376,> 1500 m
322055447,10.9193772,48.32842,1655.6711420998586,> 1500 m
322055475,10.9301912,48.3316803,2484.724557795583,> 1500 m
322055532,10.9327537,48.333132,2213.306639564444,> 1500 m
322055562,10.9341989,48.3335984,2163.603950076444,> 1500 m
322083378,10.9346462,48.3338537,2118.6622936449894,> 1500 m
322515065,10.9456056,48.3292288,1880.8737353693116,> 1500 m
322569476,10.9249479,48.3283306,2172.7240135054167,> 1500 m
322716193,10.9228672,48.3257922,2043.9587791736933,> 1500 m
322716210,10.9216442,48.3258341,1952.674109209874,> 1500 m
322716279,10.9262406,48.3227367,2178.3782728316214,> 1500 m
322719769,10.918481,48.2999304,1743.3894184386909,> 1500 m
322719779,10.9183437,48.2993409,1803.4794980751503,> 1500 m
322719780,10.9151084,48.2997595,1559.5073889812372,> 1500 m
322719786,10.9167884,48.2958433,1893.58510711932,> 1500 m
322812524,10.875234,48.3098434,1681.752384280413,> 1500 m
322812529,10.869085,48.2980865,2577.3415845060026,> 1500 m
322812531,10.871733,48.3044887,1838.970346008692,> 1500 m
322812546,10.8771336,48.3193615,1636.3219144679665,> 1500 m
322812556,10.8788523,48.304966,1977.100646138664,> 1500 m
322812558,10.8785423,48.3035885,2131.9785297380085,> 1500 m
322812560,10.9438104,48.3084007,3038.4656811795157,> 1500 m
322812563,10.9430739,48.3035589,2839.9719867681547,> 1500 m
322812570,10.9394596,48.3071596,3474.1602049944004,> 1500 m
322812572,10.9434831,48.3064913,3167.442069673895,> 1500 m
322812575,10.9447242,48.3062594,3262.7882998203027,> 1500 m
322812635,10.9200515,48.3324324,1967.438823339268,> 1500 m
322842671,10.9186592,48.3302434,1703.1517986321285,> 1500 m
322842681,10.9198329,48.3293196,1766.2149723201985,> 1500 m
322842683,10.9202715,48.3289697,1815.411602084288,> 1500 m
322842740,10.9365834,48.3260977,3073.6534099487308,> 1500 m
322842741,10.9366642,48.3260157,3084.554033145267,> 1500 m
322842746,10.9368341,48.3254168,3154.739404705582,> 1500 m
322842756,10.938429,48.3242569,3352.964259985725,> 1500 m
322842758,10.938504,48.3241854,3362.8082870109874,> 1500 m
322842770,10.9385911,48.3206921,3442.576180682596,> 1500 m
322868771,10.9116462,48.2827143,2277.955616260167,> 1500 m
322868873,10.9326872,48.2891681,3264.5798525349464,> 1500 m
322868881,10.9273691,48.2893181,2870.761910411289,> 1500 m
322868889,10.9214732,48.2895365,2433.7302565176283,> 1500 m
322868891,10.9193768,48.2896462,2278.1482880661697,> 1500 m
322868894,10.9134681,48.2898366,1840.4687342472605,> 1500 m
322868897,10.9106387,48.2899541,1630.726387823224,> 1500 m
322868899,10.9338434,48.2804658,4187.703266489428,> 1500 m
322868902,10.9299628,48.2799847,3903.558823520717,> 1500 m
322868904,10.926441,48.2794372,3635.9302505686696,> 1500 m
322868983,10.925723,48.3062314,1522.170322014036,> 1500 m
322868985,10.9277564,48.3115077,1801.2581911302289,> 1500 m
322868991,10.9255363,48.3119625,1708.476072231549,> 1500 m
322919389,10.9136836,48.3434851,1722.6263553728868,> 1500 m
322919405,10.9131369,48.344204,1645.3512419068152,> 1500 m
322919406,10.9148928,48.3440105,1759.5915385632434,> 1500 m
322919407,10.9148531,48.3425153,1746.3386575199845,> 1500 m
322919410,10.9147341,48.3419742,1684.9298197520045,> 1500 m
322919436,10.9128244,48.3445076,1603.7561003151643,> 1500 m
322919440,10.9136236,48.3447269,1647.2902017999345,> 1500 m
323605655,10.7898599,48.2953461,6946.641083131169,> 1500 m
323851600,10.8466946,48.3435506,2304.8565796255098,> 1500 m
329136909,10.9191612,48.3355016,1602.9474982022584,> 1500 m
329136933,10.9211903,48.3354907,1752.9710262998633,> 1500 m
329136978,10.9186857,48.3295015,1676.9664575084155,> 1500 m
329136989,10.9183325,48.3297257,1640.7248394699625,> 1500 m
329136994,10.929675,48.3320952,2546.157133316055,> 1500 m
329137268,10.9220045,48.3355538,1815.982030644868,> 1500 m
329137304,10.9225653,48.336507,1869.329609786664,> 1500 m
330270739,10.8580129,48.3006358,1959.4580703519784,> 1500 m
330270746,10.8536018,48.3016374,1614.6872127461138,> 1500 m
331233756,10.8531081,48.3026982,1560.019822333937,> 1500 m
331233772,10.8527487,48.3018306,1660.1336316609231,> 1500 m
331523029,10.8059045,48.3317611,5109.830333372282,> 1500 m
332456360,10.8426993,48.3148627,1512.0448666207108,> 1500 m
332456364,10.8792015,48.3102123,1562.7386357061318,> 1500 m
333118567,10.8670196,48.3078845,1630.0041237746264,> 1500 m
335786730,10.8509423,48.3222159,1903.7849794617343,> 1500 m
335786733,10.8499979,48.3222194,1896.780452366676,> 1500 m
335916125,10.865235,48.2988688,2308.6565019431628,> 1500 m
335916129,10.861941,48.2998069,2264.700033646085,> 1500 m
335916136,10.8599868,48.3002407,2111.9364547508003,> 1500 m
336290942,10.8241729,48.3138835,2995.8462294020537,> 1500 m
336290961,10.8230267,48.3072262,3475.910496929364,> 1500 m
336290977,10.821628,48.3074502,3582.3252265032243,> 1500 m
336291005,10.8189701,48.3078186,3774.622900237116,> 1500 m
336291058,10.8226739,48.3117185,3261.170044293423,> 1500 m
336380986,10.8844088,48.305008,1648.932211388615,> 1500 m
339656767,10.9007587,48.2869332,2241.0097296206845,> 1500 m
339716322,10.8006173,48.3020185,5882.196211013198,> 1500 m
339716334,10.7944047,48.3015218,6346.186056645019,> 1500 m
339716337,10.7918682,48.3015366,6533.813433483016,> 1500 m
339716344,10.7877632,48.3018773,6634.291571883649,> 1500 m
339716350,10.783892,48.3016337,6921.914281572089,> 1500 m
339716352,10.783036,48.3015782,6985.53094659203,> 1500 m
339716474,10.7813446,48.3017122,7111.573863157518,> 1500 m
339716494,10.7774793,48.3012206,7409.014840696146,> 1500 m
339716557,10.7662163,48.2972805,8345.025423857149,> 1500 m
339716595,10.7823735,48.3013799,7039.276201696402,> 1500 m
339716608,10.7784677,48.299731,7382.405973795909,> 1500 m
339716613,10.7766736,48.2989135,7543.545216770547,> 1500 m
339716684,10.7774899,48.3017171,7401.312609855279,> 1500 m
339716698,10.7824098,48.301616,7032.040043893731,> 1500 m
339716749,10.7776905,48.3045545,6879.096648228759,> 1500 m
339716758,10.7761252,48.3042168,7001.600896893093,> 1500 m
339716797,10.7704487,48.3041486,7427.601517581944,> 1500 m
339716845,10.7823596,48.3073727,6332.921297226103,> 1500 m
339716989,10.8128897,48.3056481,4449.476643239675,> 1500 m
339717068,10.7951797,48.3043159,5763.919544741159,> 1500 m
339717074,10.7993944,48.3019955,5973.083713585455,> 1500 m
339717099,10.7924815,48.3036568,6520.194971222547,> 1500 m
339717126,10.7962203,48.2969227,6514.233782279973,> 1500 m
339717129,10.7971215,48.2959503,6387.2073833716,> 1500 m
339717139,10.7978126,48.2955804,6414.410875573002,> 1500 m
339717176,10.7863147,48.2981923,7167.189724686437,> 1500 m
339717223,10.7946973,48.296216,6568.95744666243,> 1500 m
339719680,10.7967391,48.3265257,5868.956847033853,> 1500 m
339719775,10.8113443,48.3131958,3993.338555181368,> 1500 m
339719778,10.8134962,48.3131892,3832.454643254656,> 1500 m
339719784,10.8124327,48.3077331,4343.36209832797,> 1500 m
339719789,10.8152361,48.3079015,4134.05886470704,> 1500 m
339719819,10.8383038,48.3227652,2646.561217249416,> 1500 m
339719826,10.8434757,48.326716,2713.863230538825,> 1500 m
339719834,10.8456141,48.3306405,2241.680092734962,> 1500 m
339720171,10.8163175,48.3388834,4504.107446002522,> 1500 m
339720183,10.818933,48.3419414,4474.592109468054,> 1500 m
342971462,10.9483992,48.3180875,3491.909290511142,> 1500 m
343290966,10.8991353,48.2800626,2879.739160856267,> 1500 m
343290968,10.8995888,48.2799283,2860.3204711684284,> 1500 m
343290971,10.901289,48.2804226,2692.2150318139425,> 1500 m
343290972,10.8993602,48.280433,2834.9562686344552,> 1500 m
343298453,10.9000767,48.2804275,2781.931798217775,> 1500 m
345926960,10.9126071,48.3448189,1552.8209583801583,> 1500 m
351627677,10.9432885,48.3927222,1863.1894907522933,> 1500 m
351695978,10.9456334,48.3939499,2083.6983168635497,> 1500 m
353190098,10.9529552,48.3393975,1541.5311122252322,> 1500 m
355307604,10.9328791,48.4114079,3010.8525306204237,> 1500 m
355307605,10.9327674,48.4111685,3018.681764412844,> 1500 m
355307635,10.9278045,48.4122055,2610.144207703162,> 1500 m
355307769,10.9281529,48.4125206,2597.9058362378937,> 1500 m
355307773,10.9275921,48.4132025,2510.59798454821,> 1500 m
355308178,10.9197249,48.4123817,1820.007078067288,> 1500 m
355308269,10.9207282,48.4134369,2001.809960631028,> 1500 m
364762382,10.8502126,48.3016724,1871.1358124025105,> 1500 m
364762395,10.8460371,48.3014635,2221.182305280773,> 1500 m
364762437,10.8411303,48.2966675,2924.975741427874,> 1500 m
364762507,10.8424693,48.2961299,3059.6921876478445,> 1500 m
364762583,10.8372458,48.293015,3449.088982925466,> 1500 m
364762593,10.836524,48.2934478,3521.020482839879,> 1500 m
364762822,10.8367232,48.2935783,3541.7023627932936,> 1500 m
364762865,10.8377972,48.2944991,3675.722510178669,> 1500 m
365141254,10.825737,48.3369484,3586.03862979375,> 1500 m
365141314,10.8316187,48.3403399,3608.6672939312,> 1500 m
365141348,10.8238641,48.3402512,3989.34292403968,> 1500 m
366590276,10.83698,48.3813251,1541.2766703944708,> 1500 m
366743638,10.8354422,48.3838559,1513.3450043368448,> 1500 m
366743643,10.8350448,48.3834365,1544.2888551293686,> 1500 m
366743644,10.8360098,48.3820242,1510.5534515565632,> 1500 m
366747949,10.835236,48.383395,1529.4339225181166,> 1500 m
366747954,10.8335999,48.3831724,1694.3362512473163,> 1500 m
366967819,10.8771479,48.3283174,1762.7873990177254,> 1500 m
366968139,10.8782442,48.3272323,1908.2501974275608,> 1500 m
366968282,10.881728,48.3262137,2078.908211298533,> 1500 m
368403507,10.835769,48.38194,1530.6509474538734,> 1500 m
368403508,10.8353816,48.3818934,1559.7445516607652,> 1500 m
368403512,10.8344503,48.382898,1612.9900700114044,> 1500 m
368403520,10.8358964,48.3827118,1615.618125102486,> 1500 m
368403531,10.8343916,48.3817435,1639.3991284934948,> 1500 m
369772987,10.9399525,48.3245379,3318.1175883877117,> 1500 m
369772990,10.9410074,48.3251028,3213.6291713062374,> 1500 m
369777298,10.918846,48.3004604,1718.2408526026445,> 1500 m
369777306,10.9176859,48.2980846,1942.1838437516376,> 1500 m
369777726,10.9409064,48.2940157,3603.966882478485,> 1500 m
369777727,10.9408179,48.2935874,3555.839670451243,> 1500 m
370000623,10.9336216,48.3103692,2253.2042290017703,> 1500 m
370000659,10.9334334,48.3087286,2407.231019977886,> 1500 m
370000664,10.932618,48.3056458,2755.3060921144533,> 1500 m
370655811,10.9452866,48.2910494,6998.748198717653,> 1500 m
370655820,10.9450768,48.291448,6951.779723599721,> 1500 m
370655825,10.9451097,48.2910092,6990.625111671801,> 1500 m
372427211,10.9238544,48.3080397,1501.921022041117,> 1500 m
372427234,10.9262843,48.3076589,1686.2402126423003,> 1500 m
372427500,10.9286454,48.3072343,1867.136078504221,> 1500 m
372429685,10.9247374,48.3053217,1563.9311834897426,> 1500 m
372430625,10.9202357,48.3035008,1602.47589245891,> 1500 m
372430664,10.9204483,48.3034003,1621.7673318597797,> 1500 m
372430806,10.9238003,48.3027854,1854.347704784076,> 1500 m
372431087,10.9267615,48.3021687,2083.86173870697,> 1500 m
372431532,10.9264513,48.3008408,2239.8371976078847,> 1500 m
372431751,10.9268387,48.2995195,2389.8359415067653,> 1500 m
372431758,10.9270736,48.2976989,2400.8262109069283,> 1500 m
372432866,10.9225119,48.2992002,2024.2612151636397,> 1500 m
372435844,10.9366577,48.3003717,2789.694041588079,> 1500 m
372436159,10.9349333,48.3007144,2923.5189970433094,> 1500 m
372437239,10.9368789,48.2985861,2988.917051409569,> 1500 m
372437317,10.9357202,48.298757,3076.941853097009,> 1500 m
372437439,10.9371232,48.2963761,3235.3251703223746,> 1500 m
372439961,10.9419696,48.29371,3707.213912300804,> 1500 m
375701095,10.953241,48.3378019,1728.604940070726,> 1500 m
376852317,10.9288708,48.3085248,1865.3967283068405,> 1500 m
376853120,10.9292115,48.3100088,1904.387551067525,> 1500 m
376854503,10.9267337,48.3088847,1702.3539938398071,> 1500 m
376860968,10.9208134,48.2937883,2214.5101436808,> 1500 m
377103473,10.9273392,48.3689913,1685.6495725689051,> 1500 m
377103514,10.9277874,48.3685228,1672.4219524853136,> 1500 m
377105728,10.9283861,48.3679391,1732.3058286599237,> 1500 m
377709617,10.8902114,48.4421139,5827.441489634794,> 1500 m
377709715,10.8904364,48.4414438,5751.08374924994,> 1500 m
377710476,10.8926594,48.4361801,5932.042756561477,> 1500 m
377710492,10.889328,48.4425025,5858.059637512764,> 1500 m
377711607,10.8913131,48.4327696,4758.992974942993,> 1500 m
377727492,10.8920166,48.4326539,4727.5847073859095,> 1500 m
377727681,10.8911132,48.4271111,4112.709805523263,> 1500 m
377727696,10.8910833,48.4265613,4051.534953072451,> 1500 m
377727717,10.8909954,48.4251889,3898.7930502974177,> 1500 m
377727731,10.8907339,48.4266187,4078.094367985399,> 1500 m
378587823,10.8998116,48.2804283,2801.5490687527663,> 1500 m
378587850,10.9097081,48.283649,2229.763496160072,> 1500 m
378587893,10.8993348,48.2843231,2512.1631485090816,> 1500 m
378593677,10.9143572,48.2586592,5214.790274595682,> 1500 m
380059999,10.9061911,48.2777254,2978.1414405913183,> 1500 m
380060005,10.9115533,48.2794711,2639.0508430152704,> 1500 m
380060009,10.905055,48.2761684,3201.301833372622,> 1500 m
382139402,10.9376255,48.291147,3469.5387137161392,> 1500 m
382140289,10.9522103,48.3803403,1709.1061021572534,> 1500 m
382140293,10.9521632,48.380517,1692.1772959310606,> 1500 m
383905239,10.903708,48.4337282,5123.567653001096,> 1500 m
383905240,10.8994986,48.4325727,4787.480214236752,> 1500 m
384860319,10.8912493,48.4019269,2173.7552317122736,> 1500 m
384860322,10.889891,48.4137865,2863.336836688064,> 1500 m
384860339,10.8876398,48.4062056,2027.6692236363829,> 1500 m
388564249,10.8980055,48.393378,1528.1611077220516,> 1500 m
388564251,10.8968172,48.3929736,1626.7708240830434,> 1500 m
388564254,10.8977522,48.3932998,1548.7861142293748,> 1500 m
388564257,10.8961317,48.3948369,1742.3040523916025,> 1500 m
388564259,10.8949387,48.3972084,1605.4452675896134,> 1500 m
388564264,10.8991114,48.3896904,1511.8520822264911,> 1500 m
388579141,10.9366038,48.277515,4783.817626242583,> 1500 m
388579331,10.9328111,48.2803567,4118.350999155885,> 1500 m
388579349,10.9302709,48.2770325,4232.61977408368,> 1500 m
388579352,10.9302738,48.2765663,4214.442040293747,> 1500 m
388579404,10.9383777,48.2847826,4079.725738764656,> 1500 m
388579414,10.9360309,48.2829255,4364.192410097544,> 1500 m
388579416,10.9358179,48.2828115,4126.306719442102,> 1500 m
388579589,10.940298,48.2767926,8712.536336991285,> 1500 m
388579590,10.940572,48.277178,8666.527069577487,> 1500 m
389945430,10.8836946,48.3050061,1618.640138110588,> 1500 m
389945431,10.879135,48.2986315,1641.506455666091,> 1500 m
389945437,10.8805329,48.3017665,2005.1157347999608,> 1500 m
389945438,10.8833103,48.3017614,1817.1994414467003,> 1500 m
390149913,10.8942949,48.3966059,1687.6788353794034,> 1500 m
390149917,10.893669,48.3990694,1804.3032914633773,> 1500 m
390149918,10.8917508,48.4020531,2150.2812881519635,> 1500 m
390149932,10.894194,48.3984887,1728.992668402328,> 1500 m
390683441,10.8986112,48.3926545,1620.229804684683,> 1500 m
393042001,10.8265384,48.334646,3293.8170138938963,> 1500 m
393042044,10.8267694,48.3344688,3291.8271466114647,> 1500 m
393383896,10.9030454,48.2721978,3705.308498232765,> 1500 m
393383901,10.9136418,48.2694297,3802.432020511909,> 1500 m
393383904,10.9083669,48.2711848,3739.663082346357,> 1500 m
393383905,10.9078655,48.270643,3810.420848108162,> 1500 m
393402811,10.9096379,48.2725048,3627.066441434183,> 1500 m
393431734,10.8070306,48.3450011,5796.965789428629,> 1500 m
393431765,10.8040513,48.3502629,6440.446806741392,> 1500 m
395215821,10.8507918,48.3265991,2327.8680911138326,> 1500 m
395215823,10.8498391,48.3264452,2379.4880898558285,> 1500 m
395215825,10.8515914,48.3267717,2265.610208731222,> 1500 m
395215832,10.8524091,48.32651,2284.645087431891,> 1500 m
395215835,10.8521663,48.3274328,2179.856900670859,> 1500 m
395228802,10.8524887,48.3261992,2319.702006228557,> 1500 m
401740314,10.803127,48.3441715,5699.13485420507,> 1500 m
402770172,10.9017681,48.2733186,3733.2441986426056,> 1500 m
402770178,10.914913,48.2722323,3529.7240219559844,> 1500 m
403102217,10.9141038,48.2583522,5172.227541655603,> 1500 m
406498142,10.8475031,48.3102631,1611.2954868649108,> 1500 m
406498148,10.847734,48.310193,1630.0667302913223,> 1500 m
406498155,10.8467432,48.3103386,1579.7667060154176,> 1500 m
406498201,10.8465722,48.308813,1763.7877863203175,> 1500 m
406498243,10.8468345,48.307298,2002.6610282249617,> 1500 m
406498274,10.8459264,48.3079997,1873.811414376641,> 1500 m
410487453,10.8810271,48.3264445,2126.0204137841943,> 1500 m
410488871,10.8813396,48.3265018,2134.9363228940733,> 1500 m
410488872,10.8810643,48.3265294,2116.1874939363934,> 1500 m
411092220,10.8189452,48.3495186,5413.871042017236,> 1500 m
411439036,10.8488284,48.3229264,2088.0950275115447,> 1500 m
411439037,10.8477331,48.3229253,2160.921992228844,> 1500 m
411439040,10.844472,48.3235126,2293.61514875393,> 1500 m
411439042,10.8472699,48.3289152,2282.059095838078,> 1500 m
411439044,10.8490101,48.3283948,2314.0268120582496,> 1500 m
411439045,10.8512254,48.3318056,1892.6593682228615,> 1500 m
411439048,10.8485532,48.3321794,1905.9652895295144,> 1500 m
411439069,10.8537913,48.3432201,1946.297390820189,> 1500 m
411439101,10.8555342,48.3446328,1756.4085873667882,> 1500 m
411439104,10.8557779,48.3443406,1770.2545044952346,> 1500 m
411439105,10.8559754,48.3443054,1755.1423768979423,> 1500 m
411439106,10.8558539,48.34414,1775.609100620304,> 1500 m
411439111,10.8565093,48.3439048,1833.8295889375563,> 1500 m
411439120,10.8570067,48.3434134,1914.8402195040244,> 1500 m
413011181,10.9156157,48.2751822,3165.195176326485,> 1500 m
413011220,10.9164433,48.274588,3255.439427183137,> 1500 m
413028533,10.9123608,48.2646349,4430.188377019276,> 1500 m
413028537,10.9121558,48.2655097,4528.958421452231,> 1500 m
413410898,10.9218446,48.3441904,1775.0176966248373,> 1500 m
413410899,10.9208387,48.3429566,1931.0583881835823,> 1500 m
413410903,10.9175267,48.3431143,2004.412011323713,> 1500 m
413410912,10.9239861,48.3428552,1810.950925961662,> 1500 m
413410934,10.9287593,48.3334955,2397.2305772292325,> 1500 m
413410940,10.9177982,48.3431486,1993.073570472113,> 1500 m
413410943,10.9183024,48.3437132,1919.777212675948,> 1500 m
413410945,10.9205532,48.3402716,1822.2608874926127,> 1500 m
413410947,10.928536,48.3339403,2341.945523344524,> 1500 m
413677388,10.8701924,48.4031108,1835.271658742124,> 1500 m
413995143,10.9147573,48.3445614,1760.733387886961,> 1500 m
413995144,10.9146082,48.3447901,1751.244371317647,> 1500 m
413995146,10.9144767,48.345253,1714.9091961618813,> 1500 m
413995157,10.9162985,48.3440372,1907.5339416349104,> 1500 m
413995168,10.9203023,48.3470367,1521.329098848492,> 1500 m
414046708,10.9189389,48.3470709,1622.265343422,> 1500 m
415357975,10.8487554,48.3366714,1621.5135519120545,> 1500 m
418515251,10.8986195,48.424388,3659.727454222134,> 1500 m
418516315,10.9201396,48.4209216,2807.0436885780027,> 1500 m
418516316,10.9199422,48.4209078,2792.29494466206,> 1500 m
420797073,10.9087517,48.2819286,2455.6162764173228,> 1500 m
432512766,10.9491184,48.3190224,3357.413042223049,> 1500 m
432512767,10.9487945,48.3182942,3524.400234255529,> 1500 m
434436885,10.8848232,48.3263817,1881.982026798171,> 1500 m
434438702,10.8855781,48.325574,1902.486049648474,> 1500 m
434446676,10.9196658,48.4242321,3860.2434869423496,> 1500 m
434446677,10.9161706,48.4228497,3514.541494461192,> 1500 m
434446704,10.904115,48.4341509,5179.342337133297,> 1500 m
434446708,10.9064487,48.4324007,5381.265393469418,> 1500 m
434446726,10.8994104,48.4308582,4627.866656058582,> 1500 m
434446728,10.8966598,48.4300574,4404.29839661727,> 1500 m
434446736,10.8943503,48.4277658,4064.967385402006,> 1500 m
434446738,10.8933932,48.4247811,3719.4631601089854,> 1500 m
434446747,10.8946009,48.4295418,4312.229960288871,> 1500 m
434446749,10.8939171,48.4294536,4258.279383567788,> 1500 m
434446751,10.8939039,48.4293721,4249.164800600517,> 1500 m
434446764,10.902648,48.4241035,5436.900671034482,> 1500 m
434457351,10.8973595,48.4327247,4708.624555449535,> 1500 m
434457353,10.8985615,48.4359442,5177.87718601831,> 1500 m
434457411,10.8992933,48.4423539,6188.608102340515,> 1500 m
434457436,10.8975646,48.451263,7213.62304811569,> 1500 m
434457442,10.9001453,48.4476163,7021.831246278493,> 1500 m
434457454,10.9029008,48.4444231,6786.005979316238,> 1500 m
434647533,10.8587768,48.4053238,1895.874233523965,> 1500 m
438441392,10.9203785,48.3129957,1514.471911210239,> 1500 m
438455766,10.9243692,48.3092824,1521.9773277202185,> 1500 m
440850144,10.8160648,48.321074,4225.601068291011,> 1500 m
440850146,10.8146868,48.320762,4333.279649587583,> 1500 m
440850165,10.8004495,48.3170017,5216.457033223238,> 1500 m
440850166,10.7863146,48.3080903,6008.28201888576,> 1500 m
440850169,10.7852095,48.3093561,6177.093450862779,> 1500 m
440850181,10.7769601,48.3112711,6833.200751311088,> 1500 m
440850233,10.791104,48.3287215,6356.003160427367,> 1500 m
440850234,10.7907979,48.3288698,6384.003591507244,> 1500 m
440850246,10.794226,48.327232,6071.8606002330025,> 1500 m
440850266,10.8054853,48.3266821,5287.287412746407,> 1500 m
440850271,10.8100144,48.3258198,4937.874958591124,> 1500 m
440850273,10.8050702,48.3210677,5055.858255422646,> 1500 m
440850274,10.8047572,48.3210679,5079.001427390427,> 1500 m
440850281,10.7968838,48.3215164,5669.208690944237,> 1500 m
440850290,10.7971798,48.3190559,5693.002032037283,> 1500 m
440864474,10.8076565,48.3074624,4702.015688832202,> 1500 m
440864497,10.793927,48.3052131,5780.527813625084,> 1500 m
440864517,10.8049924,48.3061431,4980.974992561314,> 1500 m
440864540,10.8040519,48.3009823,5602.24857985153,> 1500 m
440864550,10.7973698,48.2958836,6367.3982372316095,> 1500 m
440946483,10.7972895,48.3240891,5740.111042456769,> 1500 m
445400832,10.8763692,48.328471,1712.0487262371462,> 1500 m
448871783,10.8608035,48.4064186,2150.411237230986,> 1500 m
449201184,10.9041865,48.2782767,2971.3294053737905,> 1500 m
449201204,10.901298,48.279628,2750.468220119169,> 1500 m
450643274,10.8609226,48.4062868,2150.686324066103,> 1500 m
454527307,10.8758414,48.3291292,1621.028387216267,> 1500 m
454538475,10.8877932,48.3258883,1655.0554936670042,> 1500 m
454538496,10.888707,48.3258147,1586.991576973715,> 1500 m
454538497,10.8888514,48.3258009,1576.205944637646,> 1500 m
456001463,10.8806991,48.3246657,1936.7855034704448,> 1500 m
457018495,10.9252847,48.2852993,3077.1005264844875,> 1500 m
457018502,10.9268376,48.2822197,3475.793640673167,> 1500 m
457018508,10.9297444,48.2852189,3407.29698431776,> 1500 m
457018511,10.92963,48.2823735,3683.1265823478143,> 1500 m
457018512,10.9292899,48.2852291,3373.648611925716,> 1500 m
457018519,10.9333938,48.2825467,3962.296910635344,> 1500 m
457018543,10.9239493,48.2745636,4049.386810297913,> 1500 m
457018544,10.9235314,48.2756398,3925.786799634883,> 1500 m
457018545,10.9246309,48.2728078,4251.034617553746,> 1500 m
457018546,10.9247943,48.2796285,3487.50552402783,> 1500 m
457018547,10.9210052,48.2797976,3430.4770196260806,> 1500 m
457018551,10.9215492,48.2787211,3523.2590621559784,> 1500 m
457018553,10.922715,48.2789163,3434.300073627949,> 1500 m
457018559,10.9310231,48.2839182,3619.190515472327,> 1500 m
457480605,10.8877134,48.3272212,1785.3463806483885,> 1500 m
457515116,10.885806,48.3256094,1919.7919981000373,> 1500 m
457632110,10.9260205,48.3676666,1510.8198026536425,> 1500 m
457632112,10.9259452,48.3676251,1503.5922984704996,> 1500 m
458842253,10.8803693,48.3222612,1595.3138288654454,> 1500 m
458859722,10.8808669,48.3230489,1690.3155257379492,> 1500 m
458859730,10.884352,48.3225387,1970.283499864935,> 1500 m
458859733,10.8843459,48.3226989,1952.4643386868097,> 1500 m
458859736,10.8811255,48.32302,1711.694808842432,> 1500 m
458875667,10.8811765,48.323539,1749.4245662280484,> 1500 m
458875671,10.8812227,48.3231968,1732.6265032145388,> 1500 m
458875672,10.8843383,48.3228687,1965.855634835721,> 1500 m
458875674,10.881651,48.3242893,1839.9347620158787,> 1500 m
458875675,10.88155,48.3241296,1820.6706908870003,> 1500 m
458875676,10.8842754,48.3238595,2024.4006388373411,> 1500 m
458875682,10.8812551,48.3236679,1764.8909293649697,> 1500 m
458875688,10.8826951,48.3257253,2310.702995710956,> 1500 m
458875689,10.8841947,48.3255748,2198.5769379929416,> 1500 m
458875690,10.8842114,48.3252463,2162.028491634045,> 1500 m
458875691,10.8825043,48.3254175,2289.668167360718,> 1500 m
458875692,10.8824099,48.3252653,2279.2583792973446,> 1500 m
458875693,10.8842197,48.3250837,2143.9377602720187,> 1500 m
458875694,10.8842281,48.3249182,2125.5244975383966,> 1500 m
458875695,10.8823136,48.3251101,2268.670669791932,> 1500 m
458875696,10.8822172,48.3249546,2258.064044448856,> 1500 m
458875697,10.8842366,48.3247524,2107.077644760303,> 1500 m
458875701,10.8842449,48.3245901,2089.0202524890765,> 1500 m
458875702,10.8842493,48.324394,2067.212469019689,> 1500 m
459775299,10.8596466,48.4073082,2253.7798303755776,> 1500 m
467764369,10.8874749,48.3252632,2357.906299581772,> 1500 m
468306879,10.9560921,48.338053,1621.8715884530689,> 1500 m
470477069,10.8321961,48.3124293,2376.792120289252,> 1500 m
471299916,10.9139864,48.3450495,1696.8013069173353,> 1500 m
471299919,10.9135984,48.3447608,1651.4947032821303,> 1500 m
471788510,10.9118229,48.3457552,1538.6344805721408,> 1500 m
471788945,10.9155153,48.3436695,1819.2101681158392,> 1500 m
471788957,10.9143729,48.3429906,1802.524595705898,> 1500 m
471788973,10.9151071,48.3432185,1833.7761685031028,> 1500 m
471788977,10.9152286,48.3433523,1851.153979355798,> 1500 m
471788993,10.9147679,48.3426773,1764.3016821222589,> 1500 m
471789705,10.9157976,48.3403651,1514.73362115817,> 1500 m
471789708,10.9181983,48.3395852,1667.8844735541488,> 1500 m
471789724,10.9175031,48.3386209,1523.4613274660362,> 1500 m
471789725,10.9173658,48.3386666,1512.1117192845115,> 1500 m
471789743,10.9172358,48.340145,1627.9404517617982,> 1500 m
471789760,10.9160182,48.3403839,1531.1720332270954,> 1500 m
471789767,10.9171252,48.3402224,1616.060259207448,> 1500 m
472290643,10.8017006,48.3379331,5246.166842035754,> 1500 m
480359626,10.8848849,48.3258018,1839.850088084704,> 1500 m
482828836,10.9223448,48.4134635,2126.777366337056,> 1500 m
482828837,10.9223477,48.4134153,2121.413491199593,> 1500 m
482828838,10.9233081,48.4120944,2284.589681251952,> 1500 m
484857403,10.8817407,48.3244368,1857.627034110216,> 1500 m
484857421,10.8812774,48.3263272,2114.984447847959,> 1500 m
484857424,10.8813563,48.3262853,2107.518940467712,> 1500 m
485123970,10.8844199,48.3232344,1993.8077108210605,> 1500 m
485123973,10.8843755,48.3243862,2075.7144602262542,> 1500 m
485123982,10.8911572,48.3255933,1520.8839915847657,> 1500 m
485124009,10.8911609,48.3256079,1522.5303255039369,> 1500 m
485124021,10.88035,48.3246826,1955.3146805948663,> 1500 m
485124025,10.8817007,48.3243689,1849.5183401955976,> 1500 m
485124028,10.8806663,48.3246165,1930.8013135964568,> 1500 m
485124030,10.8818716,48.3246456,2245.3277883248256,> 1500 m
485124033,10.8842679,48.3240236,2035.658862468804,> 1500 m
485124035,10.8842903,48.32353,2003.0481273012529,> 1500 m
485124042,10.8805491,48.3225459,1629.6491183389733,> 1500 m
485594028,10.8900418,48.3253934,1511.1832497513435,> 1500 m
486273243,10.8392093,48.314615,1776.7597920772805,> 1500 m
486273244,10.8392362,48.3145704,1771.397943395127,> 1500 m
486273247,10.8387442,48.3144791,1814.32691097516,> 1500 m
486273250,10.8404072,48.3147548,1681.9836439115895,> 1500 m
486273275,10.8377842,48.3048664,2697.55737605823,> 1500 m
486273277,10.8375318,48.3045758,2734.8757029272733,> 1500 m
486273280,10.8395312,48.310589,2128.582595807698,> 1500 m
486273288,10.8420232,48.3101807,1958.4446953734296,> 1500 m
486273306,10.8416078,48.3093324,2057.832125554889,> 1500 m
486273310,10.839275,48.3048468,2587.250929198051,> 1500 m
486273335,10.8446097,48.3088331,1935.199215184708,> 1500 m
486273348,10.8353401,48.3019417,3069.7706246419966,> 1500 m
486273376,10.8303639,48.2973887,3868.767042758781,> 1500 m
486273419,10.8373067,48.2981462,3282.691466220236,> 1500 m
486273432,10.8337341,48.2962488,3628.353588311692,> 1500 m
486273447,10.8337305,48.2945343,3766.3519876112,> 1500 m
486273462,10.8329803,48.2963836,3686.251770661175,> 1500 m
486273468,10.8387691,48.2999884,3050.914711942141,> 1500 m
491492369,10.8451297,48.3125311,1580.5538417466732,> 1500 m
491492372,10.8440363,48.3125324,1661.4132894968536,> 1500 m
491492373,10.8432325,48.3183311,1793.5041883462836,> 1500 m
491492376,10.8389192,48.3188455,2098.8912173344056,> 1500 m
491492441,10.834749,48.3228945,2959.2156091446013,> 1500 m
493606386,10.8404333,48.2985603,3273.6719979478307,> 1500 m
493606401,10.8408643,48.299248,3356.7745319320456,> 1500 m
494326735,10.8434639,48.3193431,1907.7422577085108,> 1500 m
494326739,10.8436342,48.3196914,1948.4700251403656,> 1500 m
494326750,10.8456543,48.3256315,2668.027046706144,> 1500 m
494326764,10.8454818,48.3308577,2215.623341567948,> 1500 m
494326766,10.8457362,48.3307867,2236.0199172668163,> 1500 m
494326808,10.8357874,48.3272416,3050.740099144236,> 1500 m
494326830,10.8468676,48.3365483,1761.724348642486,> 1500 m
494326831,10.8468833,48.3364654,1768.3344412181868,> 1500 m
494326839,10.8413626,48.3360918,2178.5218171138536,> 1500 m
494326844,10.8395557,48.3327831,2645.1038716478765,> 1500 m
494326872,10.8314308,48.3232705,3233.3771859280246,> 1500 m
494326873,10.8314792,48.3232167,3230.955078268797,> 1500 m
494326887,10.8284292,48.3181414,3343.870140098915,> 1500 m
494326904,10.8322095,48.3124728,2379.8094255109168,> 1500 m
495567478,10.824799,48.3136518,2942.860380450832,> 1500 m
495567479,10.824103,48.3139991,3004.5801187672364,> 1500 m
495567481,10.8230405,48.3142195,3087.6847830683614,> 1500 m
495567482,10.8230628,48.3142868,3088.045343359663,> 1500 m
495567527,10.8169843,48.3050696,4113.806593384958,> 1500 m
520115115,10.8781316,48.3296435,1810.8177215459432,> 1500 m
520115158,10.8802227,48.3324705,1552.1220423173331,> 1500 m
520115217,10.8786512,48.3317201,1599.7994261476438,> 1500 m
528874540,10.9334419,48.3921557,1622.699507985138,> 1500 m
537851823,10.9134008,48.3490393,1503.0558672993557,> 1500 m
537851825,10.9133944,48.3490895,1500.0762984294772,> 1500 m
537851980,10.9134545,48.3491009,1504.6949970401045,> 1500 m
537851990,10.913436,48.3490194,1506.4709704492402,> 1500 m
537852455,10.9143955,48.3495784,1557.2846567191905,> 1500 m
537852541,10.9128169,48.3509548,1622.814603316186,> 1500 m
537852545,10.9128727,48.3510039,1621.635500138506,> 1500 m
537852549,10.9128065,48.3509971,1618.048679528385,> 1500 m
537852553,10.9127444,48.3509883,1613.3565453575666,> 1500 m
537852727,10.9125203,48.3511074,1589.5794250785482,> 1500 m
537852733,10.9124366,48.351134,1582.7234662238304,> 1500 m
537852738,10.9124101,48.3511077,1586.2429888432075,> 1500 m
537852755,10.9122458,48.3514219,1543.881495590354,> 1500 m
537852771,10.9124849,48.3510139,1598.5317040732289,> 1500 m
537852775,10.9124442,48.3509812,1603.250457655156,> 1500 m
537852782,10.9127594,48.3509416,1618.66634146487,> 1500 m
537852809,10.91273,48.3510414,1607.3569652514425,> 1500 m
537852814,10.9126021,48.3510764,1594.0561792892972,> 1500 m
537852818,10.9125378,48.3510646,1595.039026858162,> 1500 m
537852869,10.9131593,48.3510784,1628.101339700816,> 1500 m
537852914,10.9122732,48.3515246,1555.7014840271563,> 1500 m
537852922,10.9119589,48.3517511,1590.4802525705277,> 1500 m
537852933,10.9123472,48.3510974,1591.030089911994,> 1500 m
537853028,10.913345,48.3516715,1648.6571991907006,> 1500 m
537853035,10.9129946,48.3516517,1622.1824557558757,> 1500 m
537853066,10.9122747,48.3516841,1585.0391401358502,> 1500 m
537853089,10.912805,48.3515994,1607.0128491646774,> 1500 m
537853119,10.9124303,48.3516089,1570.7667318534047,> 1500 m
537853127,10.9123782,48.3516408,1576.0016381972766,> 1500 m
537853139,10.9117032,48.3517533,1577.6060250735625,> 1500 m
537853142,10.9113386,48.3517097,1550.2310585710045,> 1500 m
537853147,10.9112276,48.3517335,1541.5707113774856,> 1500 m
537853162,10.9109916,48.3515534,1514.0078671738002,> 1500 m
537853190,10.9128992,48.3516253,1614.5460472732943,> 1500 m
537853534,10.9135732,48.3515687,1669.2678621289017,> 1500 m
537853864,10.9109245,48.3516571,1526.694633843338,> 1500 m
537853868,10.9109442,48.3516057,1520.7967281008578,> 1500 m
537853888,10.910323,48.3523375,1628.451073287348,> 1500 m
537853890,10.9101783,48.3522411,1613.309679453256,> 1500 m
537853918,10.9102016,48.3524048,1639.0129074639044,> 1500 m
537853924,10.9100686,48.3522977,1623.5722800139015,> 1500 m
537853928,10.9104103,48.3521302,1592.1917077662702,> 1500 m
537853932,10.9106437,48.3519743,1567.6686577939174,> 1500 m
537853941,10.9110802,48.3518579,1552.4019160238577,> 1500 m
537854231,10.9143326,48.3494553,1559.4736410855885,> 1500 m
544147731,10.8879534,48.4136158,2856.914731223133,> 1500 m
544147772,10.8884036,48.415055,3028.007037953233,> 1500 m
550156498,10.8030349,48.2949949,6807.279250249581,> 1500 m
556974986,10.891794,48.4247123,3803.168504339068,> 1500 m
564638596,10.9187213,48.3006411,1688.172862104626,> 1500 m
597324493,10.9150332,48.2897818,1956.423050154507,> 1500 m
597360091,10.916672,48.3248023,1501.3707611533164,> 1500 m
597360092,10.9171425,48.3253643,1572.8918527384392,> 1500 m
597360093,10.9180951,48.3264702,1680.8118620711643,> 1500 m
597360103,10.9233309,48.3235366,1946.642296597645,> 1500 m
597360106,10.9250876,48.3241601,2136.3089508867265,> 1500 m
597360116,10.9209774,48.3322283,2039.549021735025,> 1500 m
597360119,10.9303485,48.3356181,2400.452562620439,> 1500 m
597360126,10.931434,48.3390082,1630.7473443623694,> 1500 m
597367772,10.919089,48.3377853,1575.1668802730014,> 1500 m
597367812,10.916967,48.3428082,1922.7904660917725,> 1500 m
597385739,10.9355584,48.2689738,5104.695394793871,> 1500 m
597385741,10.9256994,48.2747849,3962.899136110889,> 1500 m
597385749,10.9305899,48.2745313,4334.24327757386,> 1500 m
597782585,10.9250662,48.3108778,1582.9522802344566,> 1500 m
600041928,10.7852339,48.3113922,6230.133248793338,> 1500 m
606282513,10.8320348,48.3847736,1843.488582558703,> 1500 m
606282531,10.8352987,48.3862573,1731.4635620194392,> 1500 m
612107185,10.8531888,48.339948,1539.6063337480557,> 1500 m
612127334,10.8198357,48.3356514,3840.1364521592695,> 1500 m
615028128,10.9336577,48.3296435,2645.661926419164,> 1500 m
615028206,10.924977,48.3453025,1544.3670568950963,> 1500 m
615050037,10.9159293,48.3495488,1612.7720421076135,> 1500 m
638915776,10.8792684,48.3269159,2002.0994264202916,> 1500 m
638915791,10.8813828,48.3307901,1648.4535469865968,> 1500 m
653927352,10.8063317,48.3224926,4984.162895552153,> 1500 m
654114465,10.9164966,48.3477194,1744.7119700238643,> 1500 m
654114468,10.9166788,48.3478395,1738.4738653919806,> 1500 m
654114470,10.916469,48.3478052,1754.4405190473703,> 1500 m
654114472,10.9159938,48.3493632,1633.958386557306,> 1500 m
654114476,10.916163,48.3488342,1694.0948534075026,> 1500 m
654114478,10.9162998,48.3488566,1702.8544034390056,> 1500 m
654114485,10.9161172,48.3493788,1643.241012288698,> 1500 m
654114487,10.9168137,48.3487989,1737.277287308443,> 1500 m
654114489,10.9163262,48.348293,1755.470259364779,> 1500 m
654114491,10.9164748,48.3483167,1764.265782106016,> 1500 m
654114494,10.9165136,48.3483226,1767.2072093532838,> 1500 m
654114498,10.9165937,48.3494521,1662.8473441908889,> 1500 m
654114500,10.916533,48.3488948,1720.603525513586,> 1500 m
654114502,10.9163606,48.3494157,1661.6900206223945,> 1500 m
654114512,10.9165289,48.349636,1641.8453595016658,> 1500 m
659514382,10.9490106,48.3722438,1837.3425711428424,> 1500 m
659514391,10.9471352,48.3733697,1643.702364230326,> 1500 m
659514396,10.9475876,48.3773211,1555.7440103019348,> 1500 m
659514419,10.9532278,48.3755283,2195.017980118369,> 1500 m
660453827,10.9167682,48.3489346,1721.8180163833094,> 1500 m
663846288,10.9265754,48.3353538,2146.580490207973,> 1500 m
664131661,10.8537989,48.3540879,3093.4467612080043,> 1500 m
664131668,10.8550315,48.3533817,2973.145505049465,> 1500 m
664493336,10.9153437,48.413856,1988.4491304330904,> 1500 m
669888910,10.8077201,48.2996036,5256.775738583128,> 1500 m
669888911,10.8074218,48.299715,5282.080429635581,> 1500 m
669995783,10.9020025,48.4449397,6691.402904912505,> 1500 m
670032682,10.8918086,48.4427268,5967.661481042377,> 1500 m
670032704,10.8915848,48.443287,6033.116780974545,> 1500 m
670337893,10.8991841,48.4428119,6243.795608539382,> 1500 m
674955423,10.9367142,48.4029915,2356.530327608968,> 1500 m
675032227,10.9353768,48.4011444,2155.990621158221,> 1500 m
675032244,10.9266093,48.4008165,1599.25093568551,> 1500 m
675032248,10.9463912,48.3943234,2159.9114492506924,> 1500 m
675032250,10.9368271,48.4030226,2365.553682232702,> 1500 m
675032263,10.9254179,48.4049767,1535.179779579823,> 1500 m
675032269,10.936365,48.403651,2434.274102863702,> 1500 m
675032279,10.9369786,48.4022358,2261.4355103211637,> 1500 m
675032282,10.9039433,48.4098507,1601.552727160341,> 1500 m
675032289,10.9266673,48.400911,1610.5977628951002,> 1500 m
675032308,10.9267638,48.40093,1618.028451026054,> 1500 m
675090966,10.8694748,48.4013636,1617.675765694817,> 1500 m
681441996,10.9136653,48.2855421,2253.322891272858,> 1500 m
681630670,10.9166716,48.3445027,2349.271447127691,> 1500 m
681630672,10.9167281,48.3444706,2354.7647757524323,> 1500 m
681630673,10.9175786,48.3444867,2436.8725261809245,> 1500 m
681630681,10.9169153,48.3445499,2384.5247777980417,> 1500 m
681630684,10.9175389,48.3446157,2422.231358382929,> 1500 m
681630686,10.9168809,48.3446521,2372.879727520481,> 1500 m
681630689,10.9149132,48.3457752,2144.857947342133,> 1500 m
681630690,10.9148486,48.3456604,2158.5311478971207,> 1500 m
681630693,10.9143723,48.346154,2203.219825809585,> 1500 m
681630698,10.9138225,48.3463637,2179.6948648912594,> 1500 m
681630701,10.9136612,48.3462823,2195.1117130877315,> 1500 m
681630711,10.9131065,48.3475967,2029.35373136327,> 1500 m
681630716,10.9148306,48.3478121,1861.8738032842512,> 1500 m
681630717,10.9143523,48.3477325,1898.312044526357,> 1500 m
681630718,10.9126303,48.3481372,1958.330795475192,> 1500 m
681630719,10.9146615,48.348188,1812.2274646934804,> 1500 m
681630720,10.9141561,48.3485409,1835.21200907487,> 1500 m
681630721,10.9143642,48.3485555,1819.7479723778624,> 1500 m
681630729,10.9157334,48.3460883,2068.186533015798,> 1500 m
681630730,10.9158719,48.3464693,2052.636392635488,> 1500 m
681630731,10.9156547,48.3462909,2044.8968001651197,> 1500 m
681630733,10.915957,48.3462271,2068.337086862848,> 1500 m
681630737,10.9163356,48.3463163,2098.2142048341216,> 1500 m
681630738,10.9167481,48.3463243,2128.712251665257,> 1500 m
681630745,10.9149768,48.3474149,1907.3428120698388,> 1500 m
681630771,10.9157355,48.3481352,1950.620880836455,> 1500 m
685614546,10.9176334,48.3446254,2429.2982397073106,> 1500 m
685614553,10.9179738,48.3445745,2455.085413820017,> 1500 m
685614580,10.9145171,48.3460551,2187.8752967532578,> 1500 m
685614647,10.9145862,48.3480015,1833.816039952999,> 1500 m
685614660,10.9131223,48.3483113,1916.2449796703963,> 1500 m
685614701,10.9134743,48.3482929,1904.3519636198323,> 1500 m
685614727,10.9134171,48.3483872,1892.881553128696,> 1500 m
685614730,10.9134255,48.3483511,1896.943410532813,> 1500 m
685614772,10.9138306,48.3483314,1881.876329724906,> 1500 m
685614814,10.913784,48.3484907,1863.4262196675809,> 1500 m
685614912,10.9148089,48.3488682,1771.8236379961231,> 1500 m
685614914,10.9147505,48.3490887,1796.7664554012017,> 1500 m
685615052,10.9149696,48.3484044,1795.8634132272568,> 1500 m
685615053,10.9149829,48.3483011,1784.33498648889,> 1500 m
685615079,10.9156117,48.3481339,1959.7709134570923,> 1500 m
685615081,10.9153107,48.3483593,1758.574962013438,> 1500 m
685615090,10.9152695,48.3484593,1770.1037774810368,> 1500 m
685615141,10.9158647,48.3481416,1960.1953182356017,> 1500 m
685615182,10.9156625,48.3487907,1697.71285181053,> 1500 m
687527232,10.9167115,48.3477518,1728.4270967130144,> 1500 m
687528573,10.9161579,48.3505276,1536.4598053314903,> 1500 m
687528602,10.9171378,48.3498879,1568.2828103020595,> 1500 m
687528611,10.916895,48.3498535,1585.0716146775228,> 1500 m
687528620,10.916635,48.3498168,1603.7476594089371,> 1500 m
687528626,10.9163614,48.3498383,1614.567896114362,> 1500 m
687528628,10.9164416,48.3496228,1639.2533660861582,> 1500 m
687528633,10.9163817,48.3497806,1621.1568939537572,> 1500 m
687528659,10.916395,48.3505678,1518.377588382975,> 1500 m
687528676,10.9173775,48.3500352,1537.1465062131365,> 1500 m
687528681,10.9160991,48.3499651,1608.662853079097,> 1500 m
687532215,10.9159395,48.3498047,1630.0454019120057,> 1500 m
687532216,10.9147492,48.3496001,1561.238821078879,> 1500 m
687532217,10.9147726,48.3495444,1554.8083872313184,> 1500 m
687532223,10.9162754,48.3498766,1622.2181339472163,> 1500 m
690449354,10.9179336,48.3497657,1556.8838724404116,> 1500 m
691917769,10.9139354,48.3485245,1851.623369856612,> 1500 m
693357017,10.9274526,48.3225166,2271.2725429498387,> 1500 m
693529601,10.936217,48.325213,3129.639206173045,> 1500 m
694525702,10.8517073,48.3412044,1720.494713567418,> 1500 m
694525703,10.8518838,48.341347,1723.6181348384782,> 1500 m
699915223,10.9163835,48.3480788,1774.951057506718,> 1500 m
699915230,10.916063,48.3487356,1690.1843254553607,> 1500 m
699915236,10.915877,48.3488277,1681.335075627499,> 1500 m
699915240,10.9159784,48.3489847,1661.7888333953215,> 1500 m
699915243,10.9158015,48.3495328,1603.1616936223395,> 1500 m
700241742,10.9131633,48.3474304,2048.315915143988,> 1500 m
700241877,10.9152175,48.3459551,2110.4341068862564,> 1500 m
700242011,10.9157693,48.3479894,1934.2150029191332,> 1500 m
702265488,10.8871394,48.4034273,1711.525846144236,> 1500 m
703152510,10.9207811,48.3460087,1589.12981986626,> 1500 m
703152512,10.9198844,48.3459084,1657.243728050114,> 1500 m
703152515,10.9229009,48.3456003,1566.3291308687988,> 1500 m
708866149,10.9421966,48.294698,3761.243116619119,> 1500 m
712394902,10.8700221,48.4037343,2009.9988653636217,> 1500 m
712904029,10.9377779,48.2900697,3569.588013198275,> 1500 m
712904042,10.9377941,48.2899346,3584.6582061226163,> 1500 m
725434500,10.9435766,48.2938821,6670.737022436551,> 1500 m
725434505,10.9442345,48.2937971,6674.384990335692,> 1500 m
731425140,10.9449481,48.291825,6908.323652860032,> 1500 m
743123500,10.934335,48.3679041,1686.6010613901162,> 1500 m
743123528,10.9346588,48.3679927,1700.2618907544086,> 1500 m
743123604,10.9347864,48.3680211,1707.8392468339086,> 1500 m
743123618,10.9357238,48.366676,1533.9807852427623,> 1500 m
743123633,10.9354987,48.3665249,1510.6011085758223,> 1500 m
743123644,10.9354757,48.3666818,1530.725349470306,> 1500 m
743123649,10.9352683,48.366333,1537.8973354429536,> 1500 m
743123652,10.9356633,48.3667543,1543.7674893037206,> 1500 m
743123687,10.9355541,48.3665751,1517.522677850417,> 1500 m
743123711,10.9353839,48.3666464,1526.552537305325,> 1500 m
743238181,10.9408604,48.3690469,1606.192766298856,> 1500 m
743238183,10.9400241,48.3695127,1723.7425123710657,> 1500 m
743238192,10.9405368,48.3690224,1642.1800486365769,> 1500 m
743238208,10.9413025,48.3689764,1623.2977071998696,> 1500 m
743238211,10.9371908,48.3681058,1736.835471321113,> 1500 m
743238214,10.9407254,48.3689156,1623.8734950865476,> 1500 m
743238218,10.9391323,48.3669047,1639.690518988283,> 1500 m
743238239,10.9411028,48.3692826,1574.4512474234575,> 1500 m
743238242,10.9397599,48.3693099,1710.156008454442,> 1500 m
743238246,10.9409702,48.3691536,1591.8207748264638,> 1500 m
743238249,10.9395772,48.3672665,1691.6392098060107,> 1500 m
743238252,10.9411368,48.3693156,1570.004587293011,> 1500 m
743238259,10.9416995,48.3682129,1767.2581254634251,> 1500 m
743238265,10.9392087,48.3677766,1770.2889605221374,> 1500 m
743238283,10.9395827,48.3690822,1722.2372719606838,> 1500 m
743238292,10.9419969,48.3683248,1756.228339738857,> 1500 m
743238317,10.9383317,48.3679763,1751.6007296285502,> 1500 m
743238326,10.9406626,48.3684061,1686.3485560194645,> 1500 m
743238328,10.9411589,48.3688857,1634.609465652099,> 1500 m
743238331,10.9373473,48.3679221,1717.2366733921983,> 1500 m
743238335,10.9396956,48.3666073,1662.650532969615,> 1500 m
743238336,10.9373009,48.368045,1726.259243336913,> 1500 m
743238360,10.9405983,48.368792,1640.5180703203196,> 1500 m
743238372,10.9402007,48.3685901,1677.5475336521677,> 1500 m
746642103,10.8439002,48.3141263,1504.5576393801443,> 1500 m
746642182,10.844148,48.3135204,1528.5326609092297,> 1500 m
746642215,10.8442438,48.3142704,1504.7778209694488,> 1500 m
746642231,10.8427853,48.3141975,1592.453850371216,> 1500 m
747162775,10.8440448,48.2971604,2626.789895826821,> 1500 m
748070383,10.8140042,48.3355361,4272.899117071897,> 1500 m
748785384,10.9022938,48.273213,3714.692766468904,> 1500 m
748785387,10.9018617,48.2725461,3795.4504595534936,> 1500 m
755837428,10.9432551,48.3681122,1779.9712632613723,> 1500 m
763991083,10.9287169,48.305788,1749.0873715302648,> 1500 m
763997654,10.9186655,48.300503,1704.0739389569096,> 1500 m
766795747,10.9456817,48.2855131,7624.999453730166,> 1500 m
773200049,10.9357799,48.3081373,2531.8370659850334,> 1500 m
773200056,10.9352927,48.3083846,2525.118151539964,> 1500 m
773200070,10.9339826,48.3058969,2219.335578573204,> 1500 m
773200115,10.9357266,48.3077918,2500.8870041781283,> 1500 m
802319794,10.8184645,48.3181142,3793.121424529432,> 1500 m
802322820,10.8100978,48.3130496,4087.515288441685,> 1500 m
810518384,10.7773809,48.312838,7024.704252478191,> 1500 m
810518416,10.773456,48.3136401,7231.29108564929,> 1500 m
810518419,10.7737126,48.3131281,7170.960708420219,> 1500 m
810518459,10.7723208,48.3112183,7194.660764721984,> 1500 m
810578456,10.7883981,48.3082017,5853.6897997318765,> 1500 m
810578482,10.7882153,48.3126643,5899.402459104924,> 1500 m
819690447,10.854234,48.3526114,2187.288665037548,> 1500 m
819690464,10.8539876,48.3527631,2183.1370755451344,> 1500 m
819690473,10.8539872,48.3538598,2182.653199280407,> 1500 m
819690523,10.8541414,48.3527367,2171.1666187318824,> 1500 m
819690576,10.855393,48.3530943,2048.2587606346624,> 1500 m
833820698,10.9155387,48.3464265,2027.55206055557,> 1500 m
834466115,10.9072678,48.2724162,3595.668935206262,> 1500 m
834470038,10.9359809,48.3099376,2434.171106914678,> 1500 m
835310291,10.8100275,48.3274995,4877.749205288092,> 1500 m
835310313,10.8160078,48.3301453,4291.634547948295,> 1500 m
838045239,10.7918008,48.3055304,5912.332396043362,> 1500 m
838045245,10.8039102,48.3100722,4657.018753457858,> 1500 m
838045270,10.7874198,48.3070929,5968.800029936248,> 1500 m
841808056,10.9129566,48.3445367,1593.463872550707,> 1500 m
841808098,10.9147179,48.3427353,1770.2646794539687,> 1500 m
841808119,10.9132587,48.3442075,1636.341049417603,> 1500 m
841808141,10.9137634,48.3424084,1680.578707899776,> 1500 m
841808227,10.9146913,48.3424928,1742.833973947617,> 1500 m
848264098,10.8966399,48.3926385,1666.542719470964,> 1500 m
848264100,10.8973008,48.3916914,1779.77141953032,> 1500 m
849402281,10.8127592,48.3243049,4710.152435087812,> 1500 m
849402286,10.8159275,48.3246158,4736.723051245216,> 1500 m
849402305,10.8183678,48.325937,4513.749818695806,> 1500 m
849402349,10.8221145,48.3299586,3959.310333119776,> 1500 m
849402362,10.8211402,48.3309267,3895.615449312751,> 1500 m
849404842,10.8195329,48.3337339,3835.2430012825416,> 1500 m
852759831,10.88162,48.3221497,1671.6263516366903,> 1500 m
852760526,10.8872463,48.3218201,2091.3104527601963,> 1500 m
852761039,10.8842915,48.3218793,1871.4320560639649,> 1500 m
861686260,10.8323523,48.3391134,3469.9712617146206,> 1500 m
861686274,10.8315449,48.3391117,3410.293078865706,> 1500 m
861686349,10.8318235,48.3393924,3447.686393231315,> 1500 m
861686352,10.8330211,48.3400235,3444.2254311637644,> 1500 m
861686421,10.8324067,48.3393268,3491.405446354829,> 1500 m
861686554,10.8334264,48.3402265,3481.9911496519817,> 1500 m
862791694,10.8308566,48.3247129,3242.1335838277746,> 1500 m
873611315,10.8917141,48.3876316,1576.2595081437842,> 1500 m
874015366,10.804363,48.3211715,5110.342394747676,> 1500 m
874015393,10.8044463,48.3225557,5123.950485413706,> 1500 m
888272386,10.8675067,48.400573,1596.9214108982478,> 1500 m
888272408,10.8682809,48.4004997,1547.6633145749136,> 1500 m
888272502,10.8682497,48.4003074,1534.1115695666865,> 1500 m
888272526,10.8682648,48.4004116,1537.7951864717038,> 1500 m
889362723,10.8835732,48.4047849,1772.449365122429,> 1500 m
890058189,10.8691955,48.4044859,2043.2323647716933,> 1500 m
890728431,10.9543001,48.3443692,1551.864946912113,> 1500 m
894575060,10.9512585,48.3227607,2755.9031494898327,> 1500 m
899574277,10.918157,48.3479815,1618.5861995040543,> 1500 m
899574492,10.9173779,48.3478524,1677.924979530076,> 1500 m
900422409,10.9380361,48.3096244,2595.0561392360983,> 1500 m
900422420,10.9153416,48.342728,1792.504494992975,> 1500 m
900422501,10.937845,48.3095525,2578.818444416632,> 1500 m
900422533,10.9154261,48.3427983,1802.5099405877183,> 1500 m
900422601,10.9150892,48.3424396,1754.47381482386,> 1500 m
900422613,10.9154013,48.3423746,1758.149379222124,> 1500 m
905813053,10.9336359,48.3380582,1635.4823727503033,> 1500 m
906213179,10.8947298,48.423264,3512.998188422096,> 1500 m
906213194,10.8918472,48.4240479,3738.143172717109,> 1500 m
906213203,10.8918126,48.4237791,3768.144697254687,> 1500 m
906213230,10.8954756,48.4245495,3563.3413101232977,> 1500 m
906213235,10.8948691,48.4235431,3473.615213609143,> 1500 m
906213266,10.8910851,48.4110906,2848.9439280522533,> 1500 m
906213336,10.8939173,48.4235726,3551.7637616562324,> 1500 m
906213357,10.890051,48.4169652,3226.549038595134,> 1500 m
906213370,10.8918469,48.4240882,3733.6619561643374,> 1500 m
906213385,10.8899991,48.4115058,2895.156590125031,> 1500 m
906213401,10.8944888,48.4236955,3506.479819054815,> 1500 m
906213404,10.8954839,48.4246095,3570.04106743063,> 1500 m
906213437,10.8948111,48.423566,3478.595315267962,> 1500 m
919683427,10.9042412,48.412101,1685.852275658317,> 1500 m
919683442,10.9057456,48.4113439,1537.9696439499053,> 1500 m
920055024,10.9262618,48.3675721,1512.46619724407,> 1500 m
920055047,10.9261112,48.3677162,1519.5025501217344,> 1500 m
926848070,10.9257638,48.3216072,2047.8900916254763,> 1500 m
927876582,10.8815091,48.3264803,2137.028866820588,> 1500 m
927876591,10.8792154,48.3268368,1992.470566537061,> 1500 m
927876596,10.8791782,48.3270403,1965.336030831599,> 1500 m
927876602,10.8813122,48.3263989,2154.941589903789,> 1500 m
933826692,10.7860968,48.3003395,6845.09533192598,> 1500 m
933826697,10.7880553,48.3063245,6067.921329294762,> 1500 m
933826750,10.8126413,48.3093723,4262.26209601846,> 1500 m
933826760,10.7860791,48.3038101,6385.827221587191,> 1500 m
936791318,10.7992038,48.3087328,5045.215470685608,> 1500 m
936791354,10.8086237,48.3087167,4574.940534143458,> 1500 m
936791376,10.7874486,48.3081549,5924.105944556758,> 1500 m
936791387,10.7982991,48.3068229,5363.044050003462,> 1500 m
936791424,10.799821,48.3071508,5230.779896137336,> 1500 m
944474932,10.8233021,48.3302193,3854.314424628428,> 1500 m
944474982,10.8221145,48.3297089,3960.454500002888,> 1500 m
944475065,10.8224629,48.3298446,3930.603760647177,> 1500 m
957290653,10.8795675,48.40462,1627.413426671187,> 1500 m
957290655,10.8809172,48.4044947,1645.990408112178,> 1500 m
957290661,10.8808665,48.4046847,1667.5361335572952,> 1500 m
957290664,10.8801105,48.404345,1608.9703795620094,> 1500 m
957290670,10.8800631,48.4044952,1626.0384851187323,> 1500 m
957290676,10.8795865,48.4044913,1613.0340536917065,> 1500 m
957290678,10.8808197,48.4050683,1710.3302980962696,> 1500 m
957290680,10.8800468,48.4046435,1642.572556417555,> 1500 m
973568802,10.8510386,48.2979485,2112.8071623260907,> 1500 m
973568809,10.8511763,48.2988336,2013.7897894159512,> 1500 m
975159772,10.7950664,48.3049603,5691.689833287893,> 1500 m
976773133,10.9197892,48.4204016,2721.662161568432,> 1500 m
976773136,10.9197756,48.4184491,2504.522448560097,> 1500 m
976773200,10.9150399,48.4197175,2959.681233455173,> 1500 m
985973290,10.9278439,48.2988438,2536.26297745608,> 1500 m
985973494,10.9268734,48.2988491,2464.4313362243934,> 1500 m
985973702,10.9278359,48.2993741,2595.232699713737,> 1500 m
985973737,10.9216756,48.3127261,1565.6721991735646,> 1500 m
986750389,10.8200435,48.3144611,3314.1425702306483,> 1500 m
986750396,10.8200038,48.3145895,3322.1204884821377,> 1500 m
1013971363,10.8989252,48.3894923,1505.019730365739,> 1500 m
1013971367,10.8980538,48.3907123,1652.7996492095167,> 1500 m
1014693220,10.8935299,48.3858691,2026.330684079595,> 1500 m
1014693495,10.8886484,48.3935567,2601.8878530503457,> 1500 m
1017805642,10.8548257,48.3222566,1794.519340992386,> 1500 m
1030633698,10.8979792,48.3857518,1561.576757797476,> 1500 m
1030633982,10.8961322,48.3868451,1751.8258740006038,> 1500 m
1030633998,10.8978567,48.3857549,1571.2158247300345,> 1500 m
1031899411,10.8946555,48.3893514,1986.8201503842763,> 1500 m
1031899497,10.8938861,48.3897941,2046.9765320684453,> 1500 m
1031899619,10.8942771,48.3899332,2079.7322670458625,> 1500 m
1031899745,10.8940727,48.3898624,2062.709533114087,> 1500 m
1031900101,10.8957113,48.3887596,1903.8474467552203,> 1500 m
1031900156,10.8936498,48.3896837,2033.8034903458097,> 1500 m
1031900373,10.8952265,48.3884836,1856.6162436945235,> 1500 m
1031900444,10.8955283,48.3886505,1885.6878051282756,> 1500 m
1031900617,10.8953534,48.3885529,1868.8184376548088,> 1500 m
1031900651,10.894473,48.3892446,1969.5259773518665,> 1500 m
1031900693,10.8945669,48.3895839,2036.4636156826623,> 1500 m
1031900792,10.8948323,48.3894489,2003.7899054749023,> 1500 m
1031900812,10.8943646,48.3895112,2019.4785929382133,> 1500 m
1033064891,10.8522486,48.3404917,1641.8852233595003,> 1500 m
1033064904,10.8523311,48.3401387,1681.6079021828348,> 1500 m
1033064906,10.8521601,48.3396358,1602.113820395292,> 1500 m
1033064908,10.8524721,48.3390695,1515.593977351515,> 1500 m
1033064912,10.852631,48.3396018,1575.9371264512215,> 1500 m
1033064921,10.8521035,48.3391069,1543.1541332648444,> 1500 m
1033380487,10.8269814,48.3347579,3258.7832370567085,> 1500 m
1060406018,10.8357349,48.3853968,1657.1728198184242,> 1500 m
1060406051,10.8359623,48.3851231,1611.6576057370062,> 1500 m
1060406064,10.8360055,48.3852247,1599.914760727927,> 1500 m
1060406073,10.8323194,48.3868537,2004.1695334169772,> 1500 m
1060406104,10.8342931,48.3853746,1752.4841710173316,> 1500 m
1060406140,10.8342998,48.3853301,1747.5113150065022,> 1500 m
1060406209,10.8360193,48.3851312,1610.3613269827983,> 1500 m
1060406213,10.8312386,48.3856738,1994.907238554645,> 1500 m
1060406234,10.8367517,48.385423,1556.7668970671602,> 1500 m
1060406266,10.8368581,48.3863325,1613.8959021359606,> 1500 m
1060406284,10.8349839,48.3853459,1703.4860738001587,> 1500 m
1060406366,10.8319894,48.3850645,1876.008516594644,> 1500 m
1060406367,10.83522,48.3862167,1738.8226301055283,> 1500 m
1060406377,10.8366102,48.3863151,1632.30408219611,> 1500 m
1060406396,10.8323848,48.3859847,2005.091237565772,> 1500 m
1060406425,10.835057,48.3849057,1654.2412284313696,> 1500 m
1080625461,10.8995876,48.280431,2818.1274958955937,> 1500 m
1080625503,10.9003161,48.2804256,2764.215243237866,> 1500 m
1080625518,10.9010447,48.2804197,2710.2957926203635,> 1500 m
1080625553,10.899327,48.2799865,2872.134955263496,> 1500 m
1080625574,10.9000879,48.2798664,2829.086942727601,> 1500 m
1080625577,10.9008306,48.2797744,2783.9381313954887,> 1500 m
1080625668,10.9014677,48.2801151,2694.4583969187897,> 1500 m
1080625678,10.9001383,48.2845406,2447.128754563764,> 1500 m
1080625862,10.9000604,48.2804275,2783.13797705278,> 1500 m
1080625868,10.9007964,48.2804217,2728.671018467692,> 1500 m
1080625872,10.9015576,48.2804264,2672.3344885596625,> 1500 m
1080625920,10.9005481,48.2804237,2747.046243595837,> 1500 m
1080625938,10.8998462,48.2798964,2844.818239483596,> 1500 m
1080625941,10.9005897,48.2798042,2799.1842138497423,> 1500 m
1080625983,10.900345,48.2798345,2814.49866278724,> 1500 m
1098293227,10.8365963,48.2910743,3682.0220695488624,> 1500 m
1102289161,10.9463042,48.3941055,2139.7604082397384,> 1500 m
1102976807,10.8812714,48.4048427,1714.3095939912305,> 1500 m
1102976862,10.8808499,48.4048245,1683.1294287862502,> 1500 m
1102976961,10.8812942,48.4047024,1699.1696001938346,> 1500 m
1110088507,10.8168098,48.3238524,4601.356406610931,> 1500 m
1110088515,10.8182619,48.3246376,4740.835755168312,> 1500 m
1112259739,10.932464,48.4114546,2979.777576061932,> 1500 m
1126044947,10.8205755,48.316485,3634.6101418705593,> 1500 m
1126044951,10.8210289,48.317308,3619.864525982154,> 1500 m
1126044976,10.8195665,48.3165619,3587.511133064242,> 1500 m
1126044978,10.8194024,48.3165681,3599.6652954394995,> 1500 m
1126044979,10.8188857,48.316594,3637.9817419939086,> 1500 m
1126044980,10.8194047,48.3166488,3608.640350307113,> 1500 m
1126044982,10.8189726,48.316674,3640.715136600892,> 1500 m
1126044983,10.8193935,48.3164933,3608.008684424218,> 1500 m
1126044984,10.8189614,48.3165155,3640.0561490537975,> 1500 m
1126044986,10.8193824,48.3164311,3614.973553509636,> 1500 m
1126044987,10.8189525,48.3164518,3646.8463817756337,> 1500 m
1126044988,10.8204261,48.3170409,3658.715281737308,> 1500 m
1126044990,10.820433,48.3169706,3666.549045047944,> 1500 m
1126044992,10.8204377,48.3169325,3670.7998093171486,> 1500 m
1126044993,10.8204414,48.3168746,3667.14253365708,> 1500 m
1126044994,10.8198537,48.3168478,3639.5071671216742,> 1500 m
1126044995,10.819859,48.3167728,3631.1583320994655,> 1500 m
1126044996,10.819865,48.316709,3624.0502254605512,> 1500 m
1126044997,10.8201899,48.3167327,3648.219420353912,> 1500 m
1126044999,10.8204475,48.3168009,3673.736499717736,> 1500 m
1126045004,10.8205161,48.3168803,3661.582053162801,> 1500 m
1128671855,10.9329274,48.3993861,1810.1851217929209,> 1500 m
1128671877,10.9358151,48.4002007,2041.818481745995,> 1500 m
1128671899,10.9331401,48.3998432,1882.9591911383072,> 1500 m
1128671924,10.9292675,48.4062036,1895.127090030186,> 1500 m
1128671964,10.9333299,48.399503,1842.6188813497,> 1500 m
1130785487,10.9454966,48.3940801,2097.695744912826,> 1500 m
1137997353,10.953977,48.3450654,1544.7081680218776,> 1500 m
1137997354,10.9528027,48.3448716,1641.0861255785826,> 1500 m
1137997358,10.9515441,48.3464894,1749.010358757349,> 1500 m
1137997363,10.9519124,48.3464663,1718.8523589186652,> 1500 m
1137997401,10.952662,48.3464554,1663.4414143362833,> 1500 m
1137997414,10.9535673,48.3457618,1533.4273115590415,> 1500 m
1137997417,10.9527819,48.3457184,1591.6718158039148,> 1500 m
1137997429,10.9536022,48.3455512,1509.868013784297,> 1500 m
1137997436,10.9520582,48.3456937,1645.2266805376305,> 1500 m
1141838950,10.827185,48.3212401,3623.753415438332,> 1500 m
1141838967,10.8261001,48.320692,3724.590315504535,> 1500 m
1141838977,10.8335632,48.3241799,3031.537653881753,> 1500 m
1141838984,10.8383758,48.3297196,2833.1504712447463,> 1500 m
1141838991,10.8277515,48.3216267,3563.467973306578,> 1500 m
1145528360,10.8485271,48.3412261,1977.9606153052289,> 1500 m
1145528405,10.8487978,48.3411622,1949.948780124916,> 1500 m
1145528571,10.8484552,48.3408115,1929.821212320476,> 1500 m
1151678361,10.7998813,48.3362423,5365.496726288463,> 1500 m
1152482376,10.9421794,48.3692235,1660.053319104017,> 1500 m
1152482395,10.9440332,48.3693593,1801.185370647344,> 1500 m
1155059628,10.8912558,48.398527,3029.210712441565,> 1500 m
1155059667,10.8900586,48.3998733,3255.6873468102217,> 1500 m
1155059675,10.889806,48.4001636,3293.824818243018,> 1500 m
1155059726,10.8894304,48.4022949,3550.222925499509,> 1500 m
1157413724,10.9419766,48.3695901,1636.5637980256972,> 1500 m
1157413778,10.9417006,48.3691713,1637.7584479690072,> 1500 m
1157413790,10.9419142,48.3692439,1653.2996400147854,> 1500 m
1157413814,10.9410983,48.3697753,1624.8472538023152,> 1500 m
1157413827,10.9410793,48.3693453,1564.6242664770652,> 1500 m
1157413829,10.9413326,48.3698239,1642.165527563447,> 1500 m
1157413952,10.9416243,48.3690661,1615.4636011785124,> 1500 m
1157413959,10.9415281,48.3694793,1601.216637902933,> 1500 m
1157413966,10.9415544,48.3698866,1660.594971779853,> 1500 m
1157413978,10.9417761,48.3699359,1677.7688759996445,> 1500 m
1157414142,10.9474719,48.3660979,1731.4198156225343,> 1500 m
1157414149,10.9412961,48.369422,1582.9328046980067,> 1500 m
1157414175,10.9417515,48.3695345,1618.8236233949738,> 1500 m
1170241141,10.950024,48.3635796,1509.0879493123416,> 1500 m
1170241296,10.9470302,48.3660215,1729.5562296600644,> 1500 m
1170241347,10.9481119,48.3643188,1505.6503072808136,> 1500 m
1170241348,10.9470243,48.3648174,1583.6398613448362,> 1500 m
1170241382,10.9468656,48.3663893,1786.701694485336,> 1500 m
1170241428,10.9489158,48.3647928,1615.11813747742,> 1500 m
1170241492,10.9492456,48.3633905,1570.3184568674178,> 1500 m
1170241530,10.947166,48.3642367,1533.5572968628203,> 1500 m
1170241571,10.9474556,48.365642,1715.7104210200173,> 1500 m
1170241580,10.9481076,48.3643454,1508.6251068126962,> 1500 m
1170241620,10.9488277,48.3640907,1520.5069381089677,> 1500 m
1170241637,10.9467163,48.3657702,1693.2440641486498,> 1500 m
1170242064,10.9468467,48.3668133,1835.2280661721252,> 1500 m
1170242122,10.9475578,48.3657235,1727.505765263174,> 1500 m
1170242127,10.9487015,48.3647367,1597.729389934919,> 1500 m
1170242235,10.9498677,48.3637788,1534.0671712686726,> 1500 m
1170242597,10.9468577,48.3655971,1671.259159674242,> 1500 m
1170242613,10.9470454,48.3671628,1877.6967327928585,> 1500 m
1170242703,10.9468094,48.3669605,1851.8262991367408,> 1500 m
1170242844,10.9469887,48.3649553,1599.1975720104222,> 1500 m
1170242911,10.9487738,48.3643668,1554.8399612580715,> 1500 m
1170242914,10.947241,48.3648438,1599.91578671604,> 1500 m
1170243213,10.9478185,48.3650481,1661.3623806101846,> 1500 m
1170243350,10.9494258,48.3630471,1535.7639653008814,> 1500 m
1170243355,10.9487282,48.3646334,1609.3839770269046,> 1500 m
1175495853,10.8777436,48.4040654,1558.738520662782,> 1500 m
1175495882,10.8782044,48.4036953,1505.34666375981,> 1500 m
1175495925,10.8774142,48.404203,1587.5181127356775,> 1500 m
1175495968,10.8769999,48.4046666,1645.2423234515866,> 1500 m
1177056727,10.8808182,48.4058747,1863.9796407382792,> 1500 m
1177057069,10.8791491,48.4057766,1758.7942840784124,> 1500 m
1178940108,10.9402923,48.3909955,1576.111103309332,> 1500 m
1178940220,10.9494873,48.385358,1655.7555815876526,> 1500 m
1179095982,10.9465354,48.364164,1580.8404693604168,> 1500 m
1184127524,10.9458896,48.3649429,1556.8720406961395,> 1500 m
1184127621,10.9462507,48.365408,1623.0267186186188,> 1500 m
1184127799,10.9453932,48.3652204,1642.8109024488083,> 1500 m
1184127854,10.9459315,48.3654237,1597.062837539126,> 1500 m
1184127968,10.9460187,48.3652163,1572.0585773342382,> 1500 m
1184128353,10.946359,48.3659494,1726.335221077663,> 1500 m
1184128392,10.9395881,48.366042,1532.9047451832582,> 1500 m
1184128476,10.946068,48.3649618,1543.5260237667349,> 1500 m
1184128504,10.9453634,48.3657595,1653.613989728803,> 1500 m
1184128812,10.9463979,48.3652487,1600.3029860354384,> 1500 m
1184128820,10.9395591,48.3659884,1526.571341746124,> 1500 m
1184128967,10.9413368,48.3654074,1508.273677673145,> 1500 m
1184129089,10.9440325,48.3645562,1503.1426935689924,> 1500 m
1184129213,10.9396711,48.3658945,1513.2492681185522,> 1500 m
1184129391,10.946,48.365353,1587.3215934311947,> 1500 m
1184129413,10.9455418,48.3654463,1627.081903248515,> 1500 m
1184129977,10.9410717,48.3654332,1532.2294894217046,> 1500 m
1184130084,10.9460881,48.3648634,1532.4841265988666,> 1500 m
1184130322,10.945293,48.3657129,1660.955534056268,> 1500 m
1184130765,10.9461082,48.3657306,1756.9163269770518,> 1500 m
1184130783,10.9454773,48.3655658,1682.2374130943235,> 1500 m
1184130957,10.9449484,48.3646592,1517.543522033384,> 1500 m
1184130960,10.9469374,48.365268,1634.1742016849869,> 1500 m
1184130971,10.9454763,48.3653071,1631.3815694962,> 1500 m
1184144794,10.9547586,48.3369146,1838.228288484514,> 1500 m
1184144797,10.9539943,48.3443463,1529.1210360429511,> 1500 m
1184144816,10.9560448,48.3368401,1732.5443560427684,> 1500 m
1184144830,10.9561229,48.3368486,1738.394129559166,> 1500 m
1184144832,10.9532983,48.343829,1611.9768668374577,> 1500 m
1184257679,10.9375419,48.3652705,1528.1321933398465,> 1500 m
1184257691,10.9363409,48.3665143,1677.302852650798,> 1500 m
1184257693,10.9405336,48.3677347,1785.744101880545,> 1500 m
1184257694,10.9406667,48.3687658,1646.3505376972853,> 1500 m
1184257717,10.9382651,48.3669967,1650.167321482566,> 1500 m
1184257728,10.9376009,48.3662256,1547.015383838752,> 1500 m
1184257749,10.9401096,48.3672948,1762.9142776319895,> 1500 m
1184257767,10.9426304,48.3678119,1957.052809669209,> 1500 m
1184257768,10.9393412,48.368183,1776.15902021452,> 1500 m
1184257769,10.9394103,48.3675618,1809.5822968723132,> 1500 m
1184257781,10.9378608,48.3676306,1732.688904649781,> 1500 m
1184257784,10.9383982,48.367939,1758.029945242911,> 1500 m
1184257787,10.9364295,48.3662409,1640.0161228583368,> 1500 m
1184257802,10.9381873,48.3657273,1508.3118031665092,> 1500 m
1184257805,10.9392686,48.3686996,1757.1638362442443,> 1500 m
1184257820,10.9380826,48.3661457,1616.2366394790372,> 1500 m
1184257824,10.9380447,48.3677384,1752.8530227027104,> 1500 m
1184257831,10.9408395,48.3680678,1740.6478585006375,> 1500 m
1184257842,10.9389142,48.3684293,1797.0307640831224,> 1500 m
1184257845,10.9400853,48.3669897,1714.0004443989433,> 1500 m
1184257849,10.9374029,48.3661432,1564.275275935884,> 1500 m
1184257856,10.9393654,48.3675295,1814.4711859555164,> 1500 m
1184257858,10.9364737,48.3665789,1689.4619364836483,> 1500 m
1184257868,10.9399726,48.3677677,1773.7849521150683,> 1500 m
1184257876,10.9367368,48.3665656,1641.8807751686925,> 1500 m
1184257877,10.939757,48.3673778,1829.961185670704,> 1500 m
1184257880,10.9383716,48.3670996,1664.0531474265763,> 1500 m
1184257884,10.9401762,48.3682915,1740.3628981891495,> 1500 m
1184257887,10.9356036,48.3662501,1546.0284895620748,> 1500 m
1184257894,10.9402543,48.3671153,1733.1073377385674,> 1500 m
1184257907,10.9377358,48.3675317,1718.3290343455276,> 1500 m
1184257910,10.9390405,48.3675789,1744.3516487933784,> 1500 m
1184257913,10.9392298,48.3682473,1779.3967663361325,> 1500 m
1184257915,10.9403866,48.367397,1792.102482540079,> 1500 m
1184257983,10.9375806,48.3677897,1739.9143151587562,> 1500 m
1184257990,10.9391338,48.3686001,1772.0536478615768,> 1500 m
1184257991,10.9400337,48.3672309,1753.863085075827,> 1500 m
1184258001,10.9380185,48.3681522,1721.2983410717477,> 1500 m
1184258005,10.9405506,48.366828,1752.7923333437534,> 1500 m
1184258006,10.9398348,48.368019,1783.591147778585,> 1500 m
1184258015,10.9399135,48.3677094,1781.6006825945703,> 1500 m
1184258020,10.9407084,48.3693461,1789.93095545316,> 1500 m
1184258027,10.9377126,48.3660959,1530.399550450193,> 1500 m
1184258033,10.9396498,48.3683024,1773.8393318406072,> 1500 m
1184258045,10.9384871,48.3672708,1684.9144187702682,> 1500 m
1184258047,10.9369522,48.3664158,1609.6483158466356,> 1500 m
1184258050,10.9394683,48.367733,1790.069485632901,> 1500 m
1184258052,10.9376911,48.3664253,1573.774117379323,> 1500 m
1184258053,10.9376131,48.3674345,1704.223173519597,> 1500 m
1184258064,10.9371047,48.3669021,1634.1041212750797,> 1500 m
1184258065,10.9404899,48.3682551,1707.4708645964338,> 1500 m
1184258072,10.9378358,48.3672851,1695.2689476634455,> 1500 m
1184258081,10.9370447,48.3651741,1563.344847953035,> 1500 m
1184258083,10.9394514,48.3684168,1754.4327204773972,> 1500 m
1184258091,10.9371258,48.3667384,1613.9785261211289,> 1500 m
1184258096,10.9391996,48.3677198,1763.9374054838397,> 1500 m
1184258101,10.9354316,48.3664706,1518.41311340735,> 1500 m
1184258105,10.9401612,48.3679453,1749.616768868468,> 1500 m
1184258116,10.9406245,48.3672635,1769.097759149955,> 1500 m
1184258122,10.9362038,48.3664476,1668.4111232709977,> 1500 m
1184258126,10.9395835,48.3685179,1739.5463385435276,> 1500 m
1184258130,10.9371676,48.3664352,1593.5902924470454,> 1500 m
1184258133,10.9384943,48.3681026,1770.0806995987034,> 1500 m
1184258136,10.9401637,48.3696197,1739.4873677779271,> 1500 m
1184258139,10.9403998,48.3681701,1719.030809006138,> 1500 m
1184258153,10.9405389,48.3671444,1754.4221728968016,> 1500 m
1184258154,10.9400408,48.3696815,1750.8734288617009,> 1500 m
1184258166,10.9391348,48.3680251,1799.41298806268,> 1500 m
1184258167,10.9375453,48.3662901,1555.2803455996334,> 1500 m
1184258170,10.9378796,48.3676175,1734.701517162389,> 1500 m
1184258171,10.9386565,48.3667345,1691.228943773291,> 1500 m
1184258178,10.9400876,48.3678759,1759.0566734761508,> 1500 m
1184258183,10.9374758,48.3653366,1519.3079147825238,> 1500 m
1184258184,10.9378069,48.3682748,1700.5575622908714,> 1500 m
1184258201,10.9373914,48.3664555,1576.903906903486,> 1500 m
1184258206,10.9369456,48.3666583,1623.328788099221,> 1500 m
1184258212,10.9397846,48.3693289,1707.3644783587697,> 1500 m
1184258214,10.9378038,48.3665438,1589.3606108893002,> 1500 m
1184258218,10.9375299,48.366308,1557.5729287774818,> 1500 m
1184258222,10.9395724,48.3680496,1753.5376468075742,> 1500 m
1184258227,10.9371106,48.3662707,1588.824842185932,> 1500 m
1184258238,10.9389382,48.3676314,1737.0579380594895,> 1500 m
1184258245,10.9398338,48.3673357,1772.6744513352571,> 1500 m
1184258246,10.9385616,48.3673291,1693.4181712308243,> 1500 m
1184258249,10.9395427,48.3694276,1730.861402464776,> 1500 m
1184258254,10.9396414,48.3674326,1819.4703954418144,> 1500 m
1184258268,10.9398728,48.3687392,1706.9543099791597,> 1500 m
1184258275,10.9372322,48.3652569,1546.71241231666,> 1500 m
1184258288,10.9386835,48.3674267,1707.5203419820336,> 1500 m
1184258301,10.9387782,48.3668224,1707.0913629737213,> 1500 m
1184258312,10.9381417,48.3680795,1733.4711384735906,> 1500 m
1184258316,10.9408656,48.3675323,1803.8912545634785,> 1500 m
1184564458,10.8490661,48.3426841,2017.1919302843403,> 1500 m
1184589561,10.8468789,48.3435662,2248.5404822281944,> 1500 m
1190561834,10.8467733,48.3435198,2239.184640314548,> 1500 m
1190561835,10.8529689,48.3401328,1565.8061326891643,> 1500 m
1190561845,10.8471576,48.3426925,2142.8257882072858,> 1500 m
1190561856,10.8470522,48.3429106,2168.297841727926,> 1500 m
1190564083,10.8475659,48.3418132,2040.4995655870528,> 1500 m
1190564096,10.847667,48.3414158,2046.4463833646296,> 1500 m
1190564101,10.8478012,48.3408086,1978.1898710955584,> 1500 m
1200454824,10.8810462,48.3228822,1723.4849094801111,> 1500 m
1200454890,10.8813495,48.3238204,1783.228390580011,> 1500 m
1203323586,10.8895242,48.4118767,2991.981385630207,> 1500 m
1204148529,10.9303586,48.3707272,1514.962274413018,> 1500 m
1216264336,10.9492318,48.3075229,3533.310270303305,> 1500 m
1216264357,10.9457267,48.3164519,3538.6939768690004,> 1500 m
1217158092,10.9369469,48.3918079,1601.487440960397,> 1500 m
1217158125,10.9367159,48.3922542,1653.9630959452857,> 1500 m
1222911600,10.9264239,48.3672742,1535.5241696902276,> 1500 m
1222911747,10.9267884,48.3674216,1567.0475640016025,> 1500 m
1222911810,10.9276972,48.3677785,1645.035230612599,> 1500 m
1222911835,10.9284864,48.3671324,1712.407389529773,> 1500 m
1222911994,10.9248803,48.3697012,1500.0697940565767,> 1500 m
1222912019,10.9258357,48.3678575,1536.057858140551,> 1500 m
1222912026,10.926275,48.3689567,1613.1814554597229,> 1500 m
1222912151,10.9274026,48.3667512,1621.3258890273264,> 1500 m
1222912214,10.925568,48.369535,1530.3407623660278,> 1500 m
1222912243,10.9273055,48.3668563,1607.6134751224909,> 1500 m
1238165885,10.8907284,48.403715,2352.856888257004,> 1500 m
1238165892,10.8907595,48.4039046,2374.064444268147,> 1500 m
1238165894,10.8908893,48.4037704,2365.978287367784,> 1500 m
1243727264,10.7882788,48.3118625,5988.682263868232,> 1500 m
1243727280,10.8093078,48.3144512,4204.573997552396,> 1500 m
1243748303,10.769101,48.2988195,8127.843166583351,> 1500 m
1248115758,10.9487324,48.3183165,3529.618884713158,> 1500 m
1248115764,10.9487745,48.3181022,3515.7010430359937,> 1500 m
1248115766,10.9484611,48.3182193,3476.2598752394583,> 1500 m
1248115773,10.9487755,48.3178285,3555.839992846463,> 1500 m
1248115776,10.9486042,48.317958,3510.954004036537,> 1500 m
1248115783,10.9487028,48.3181222,3504.1082606421346,> 1500 m
1248115785,10.9484789,48.3182846,3468.6259516372265,> 1500 m
1248115798,10.9475261,48.3177119,3528.1383041065387,> 1500 m
1248115815,10.9485084,48.3188772,3384.2151592127398,> 1500 m
1248115822,10.9486542,48.3177841,3543.8992329235443,> 1500 m
1248115827,10.9486143,48.3181087,3493.722374157,> 1500 m
1248115828,10.9484618,48.3178364,3528.1694223648915,> 1500 m
1248115833,10.9485306,48.3191703,3346.072350030753,> 1500 m
1248115835,10.948434,48.3189351,3379.6499821554607,> 1500 m
1248115840,10.9488092,48.318069,3520.1968324658005,> 1500 m
1248115841,10.9486563,48.3182937,3482.177557880354,> 1500 m
1248115844,10.9483294,48.3173354,3598.0499620178443,> 1500 m
1248115854,10.9483433,48.3189863,3370.8527599890326,> 1500 m
1248115858,10.9485967,48.3180495,3500.441428500293,> 1500 m
1248115867,10.9485785,48.318965,3373.1613781230226,> 1500 m
1248123991,10.9499409,48.3191567,3303.6853635056736,> 1500 m
1248258372,10.9271917,48.320414,2105.423705733089,> 1500 m
1248873811,10.915858,48.3436575,1858.4192790197656,> 1500 m
1249990578,10.9340323,48.335949,1878.00567221626,> 1500 m
1249990602,10.9315755,48.3366609,1913.703248291569,> 1500 m
1252412779,10.9340359,48.3179183,2622.030316981916,> 1500 m
1256894645,10.9405951,48.3156817,2915.1708577247737,> 1500 m
1256894710,10.9379481,48.3222266,3586.1377025947395,> 1500 m
1256894756,10.9410444,48.3144534,3072.1980853668388,> 1500 m
1256894822,10.9383939,48.320557,3463.6324242848764,> 1500 m
1256894828,10.9397162,48.3184286,3164.992864342537,> 1500 m
1256894833,10.9378799,48.3223021,3596.2875157961653,> 1500 m
1256894844,10.9409061,48.3156429,2938.883237043212,> 1500 m
1256894876,10.9361369,48.3232345,3164.753934480648,> 1500 m
1256894900,10.9388646,48.3175901,3185.7643692932456,> 1500 m
1256894907,10.9414239,48.3141907,3114.399434697081,> 1500 m
1256894922,10.9358919,48.3237005,3138.8468732679435,> 1500 m
1256894940,10.9347771,48.3247248,3085.914657849192,> 1500 m
1256894987,10.9384653,48.3185338,3070.520141208371,> 1500 m
1257929960,10.9301554,48.3700459,1542.219529670195,> 1500 m
1271596992,10.8270706,48.3347411,3254.243873825137,> 1500 m
1272452256,10.8969091,48.3949297,1683.9862806455474,> 1500 m
1272452340,10.8954807,48.3947686,1790.9655546814922,> 1500 m
1276785087,10.9185853,48.4136294,2033.856894061466,> 1500 m
1276785089,10.9112214,48.4127799,2168.120275874007,> 1500 m
1276785092,10.9195102,48.4127438,2185.433124437629,> 1500 m
1276785095,10.9097876,48.414242,2171.3503253882704,> 1500 m
1276785098,10.9094661,48.4137903,2243.772114285027,> 1500 m
1276785101,10.9114646,48.4150587,2380.1303792797667,> 1500 m
1276785102,10.9112255,48.4141534,2277.93045111466,> 1500 m
1276785112,10.9185949,48.4133055,2069.879950426852,> 1500 m
1276785117,10.9186355,48.4119358,2222.213333013372,> 1500 m
1276855942,10.8988215,48.3898739,1543.3511135302538,> 1500 m
1276855943,10.8980777,48.3912693,1703.7140151200756,> 1500 m
1276855983,10.8990845,48.3897647,1520.3492964291738,> 1500 m
1278629976,10.8964732,48.4042906,1868.296388761311,> 1500 m
1278629979,10.8958525,48.4032893,1858.173071064151,> 1500 m
1278632547,10.9033732,48.405517,1516.205032774861,> 1500 m
1279143855,10.9167911,48.349671,1622.0822221102023,> 1500 m
1279143893,10.9169357,48.3491746,1678.3042868254458,> 1500 m
1279311019,10.932413,48.3296185,2737.529897321804,> 1500 m
1279311020,10.9323113,48.3288364,2893.833356283687,> 1500 m
1279311026,10.9305611,48.3315924,2454.9138234342154,> 1500 m
1279311031,10.9318677,48.3288267,2855.612408849636,> 1500 m
1279311035,10.9306285,48.3316319,2448.271767352741,> 1500 m
1279311036,10.932252,48.3296881,2752.2345822182897,> 1500 m
1279311041,10.9319332,48.3292957,2802.881401940056,> 1500 m
1279327258,10.898884,48.389643,1522.0587730706104,> 1500 m
1279327260,10.8989711,48.3896086,1519.2008159652346,> 1500 m
1279327264,10.8989106,48.3895339,1509.769412775943,> 1500 m
1280035281,10.820537,48.3153552,3420.411640036339,> 1500 m
1280035285,10.8209464,48.3152842,3389.1247222119587,> 1500 m
1280131384,10.8936551,48.4075239,2447.059161668771,> 1500 m
1280149951,10.8271645,48.3345427,3294.974468331854,> 1500 m
1280552090,10.8939894,48.4066837,2408.327818177793,> 1500 m
1280552348,10.8935477,48.4068361,2370.158851083273,> 1500 m
1280552426,10.8940259,48.4077887,2463.300064687068,> 1500 m
1281202706,10.9008513,48.3926568,1509.6883568675387,> 1500 m
1282008365,10.8994643,48.4072184,2449.9578645721813,> 1500 m
1282008375,10.8995616,48.4077008,2504.077061139116,> 1500 m
1282008376,10.899017,48.4067483,2367.93009219617,> 1500 m
1282008378,10.8989019,48.4062446,2387.2920770029355,> 1500 m
1282008384,10.8993823,48.4067171,2395.117178721887,> 1500 m
1282008393,10.8979138,48.4096586,2570.158360113588,> 1500 m
1282008395,10.898899,48.4083345,2512.434723353884,> 1500 m
1282008396,10.8986276,48.4067844,2338.907392920501,> 1500 m
1282038139,10.8987926,48.4077518,2447.1666197963496,> 1500 m
1282038167,10.8987092,48.4072756,2393.8582442049624,> 1500 m
1282038172,10.8977495,48.4086877,2465.3652490941868,> 1500 m
1282038181,10.897838,48.4092208,2521.15669558962,> 1500 m
1282069713,10.9153675,48.4127191,1862.0192363989552,> 1500 m
1282069716,10.9092506,48.4128026,2313.6005480665262,> 1500 m
1285372503,10.9548609,48.3809405,1898.0565916404555,> 1500 m
1285372511,10.9543298,48.3808374,1855.9727453005391,> 1500 m
1285911365,10.9306547,48.3317297,2437.2257604232377,> 1500 m
1285967517,10.9285958,48.3338502,2352.8960763391005,> 1500 m
1285967520,10.9286411,48.3340087,2342.8868823967937,> 1500 m
1285967521,10.9285902,48.333618,2378.742838114516,> 1500 m
1285967523,10.9287645,48.3337841,2367.371452223856,> 1500 m
1285967525,10.9285796,48.3335161,2390.1015451470757,> 1500 m
1285975100,10.9563869,48.378732,2283.751077142664,> 1500 m
1285975127,10.9569281,48.3787713,2250.395881008105,> 1500 m
1285975147,10.9570311,48.3802403,2167.708073197105,> 1500 m
1285975196,10.9564501,48.3808467,2057.940908127253,> 1500 m
1285975242,10.957108,48.3799848,2180.9085735353683,> 1500 m
1285975294,10.9565057,48.3805433,2091.928235789801,> 1500 m
1285975352,10.9560958,48.3794116,2226.928359908167,> 1500 m
1285975524,10.9565052,48.378506,2307.894377982071,> 1500 m
1285975575,10.9568721,48.3809282,2089.551091078777,> 1500 m
1285975620,10.9564214,48.3782588,2341.502531069272,> 1500 m
1285975668,10.9569726,48.3805056,2138.52009389594,> 1500 m
1285975718,10.9569116,48.3788333,2243.394909894013,> 1500 m
1285975764,10.9565813,48.3801717,2133.623988668855,> 1500 m
1285975833,10.9569194,48.3807244,2112.8834301181605,> 1500 m
1285975876,10.9566359,48.379917,2145.204803024476,> 1500 m
1285976015,10.9567307,48.3795199,2178.516064955848,> 1500 m
1285976081,10.957302,48.3790183,2301.356347542533,> 1500 m
1285976207,10.9565662,48.3802487,2124.989645982937,> 1500 m
1285976211,10.9555415,48.3800155,2205.3636077975416,> 1500 m
1285976273,10.956979,48.3785806,2271.9314368801147,> 1500 m
1285976355,10.9552717,48.3806088,2149.86448578659,> 1500 m
1285976417,10.957,48.378351,2297.55638567585,> 1500 m
1285976481,10.9553931,48.3803091,2179.218093367537,> 1500 m
1285976498,10.9565288,48.3804297,2104.6746823710946,> 1500 m
1285976682,10.9564884,48.38065,2079.995124078402,> 1500 m
1285987732,10.8948575,48.4061206,2197.6060226121244,> 1500 m
1285987738,10.8943164,48.406639,2433.226601254841,> 1500 m
1285987745,10.8950523,48.4071938,2443.5398670828376,> 1500 m
1285987766,10.8964329,48.4066433,2157.546662135464,> 1500 m
1285987768,10.8957345,48.4066963,2209.435272012166,> 1500 m
1287738188,10.9290897,48.3317603,2504.63003786403,> 1500 m
1287738220,10.9292514,48.3314244,2544.224895155632,> 1500 m
1287738225,10.9287805,48.3336732,2378.3917635860294,> 1500 m
1287738233,10.9288285,48.3316357,2496.45438798784,> 1500 m
1287738246,10.9288204,48.3317716,2480.9029021726283,> 1500 m
1288969207,10.92585,48.3300798,2366.92011824421,> 1500 m
1288969244,10.9257695,48.331695,2317.373416528411,> 1500 m
1288969247,10.9350729,48.3360756,1869.5499131788729,> 1500 m
1288969270,10.9371025,48.3360836,1909.9406415078608,> 1500 m
1288969276,10.9398747,48.3318952,2414.6988853746766,> 1500 m
1288969339,10.9371824,48.33618,1897.702064782245,> 1500 m
1288969365,10.9397509,48.3317815,2430.3065172969946,> 1500 m
1288969368,10.9380324,48.3302182,2578.505304000424,> 1500 m
1292911663,10.9126806,48.4105431,1555.818752894667,> 1500 m
1295555600,10.8793042,48.4049164,1663.2381026703972,> 1500 m
1295555601,10.8782909,48.4048856,1712.91992161176,> 1500 m
1295555603,10.8780598,48.4048797,1729.8029499355011,> 1500 m
1295555605,10.8785403,48.4045148,1654.459416089515,> 1500 m
1295555606,10.8789732,48.404903,1672.6760892630184,> 1500 m
1295555608,10.878266,48.4052887,1757.7803312631297,> 1500 m
1295555609,10.8791867,48.4049109,1656.891327738359,> 1500 m
1295555611,10.8787688,48.4045193,1637.58440573798,> 1500 m
1295555613,10.8787434,48.4048971,1679.6357303098348,> 1500 m
1295555616,10.8785166,48.4048913,1696.3609041531165,> 1500 m
1295555617,10.8780834,48.4045059,1688.2017346713149,> 1500 m
1295555621,10.8783141,48.4045104,1671.1643907657717,> 1500 m
1295555622,10.878716,48.405302,1724.7040287721402,> 1500 m
1295555624,10.8784911,48.4052954,1741.3218293070026,> 1500 m
1295555700,10.8808794,48.4045864,1656.564254929827,> 1500 m
1296386685,10.8721621,48.3998921,1516.7620764472315,> 1500 m
1296393610,10.877976,48.4034074,1559.0704850317286,> 1500 m
1296393632,10.8747002,48.4021785,1526.1433420719436,> 1500 m
1296393664,10.8780103,48.4035403,1574.063662337121,> 1500 m
1296393675,10.8763659,48.4041235,1587.065110715376,> 1500 m
1296393678,10.8781075,48.4032405,1555.1274448489846,> 1500 m
1296393683,10.8780975,48.4030998,1541.5110288693086,> 1500 m
1296393685,10.8780701,48.402955,1526.02575817925,> 1500 m
1296393693,10.878121,48.4033909,1569.930545012561,> 1500 m
1296393705,10.8780649,48.4028152,1512.8905043554578,> 1500 m
1296393724,10.8778651,48.4029784,1510.6703910908188,> 1500 m
1296393731,10.8779378,48.4032598,1542.4175944093147,> 1500 m
1296393737,10.8779022,48.4031221,1526.8821370529963,> 1500 m
1296623899,10.8856117,48.4049593,2126.180217552632,> 1500 m
1296623910,10.8849712,48.4056678,2002.9241159374271,> 1500 m
1296623933,10.8853919,48.4059012,2020.186823658563,> 1500 m
1296623958,10.8854713,48.4055202,2062.9556569623924,> 1500 m
1296623965,10.8849221,48.4058604,1981.203415192147,> 1500 m
1296624014,10.8861302,48.4055561,2111.7574110026912,> 1500 m
1296624033,10.8851422,48.4059576,2000.7170919136345,> 1500 m
1296624034,10.8852182,48.4046127,2121.654393145569,> 1500 m
1296632246,10.8831617,48.4045811,1813.9349932718965,> 1500 m
1300097167,10.9265235,48.3673145,1544.139443581624,> 1500 m
1300097209,10.9259361,48.3678892,1542.6837199167626,> 1500 m
1304594737,10.8201665,48.3169574,3673.26539739882,> 1500 m
1304594738,10.8201707,48.3169222,3669.3390281802094,> 1500 m
1304594739,10.8201774,48.3168628,3662.715485001646,> 1500 m
1304594740,10.8201844,48.3167865,3654.215524679203,> 1500 m
1318513574,10.8324774,48.3868675,1992.4016434226232,> 1500 m
1318513587,10.834494,48.386894,1836.052050985304,> 1500 m
1336058275,10.9215263,48.4118602,2419.617887252454,> 1500 m
1336058331,10.9221143,48.4118692,2376.2023914728293,> 1500 m
1336058368,10.9225723,48.4119494,2341.241783237896,> 1500 m
1336058388,10.9240004,48.4114846,2371.1847063052564,> 1500 m
1336058403,10.921772,48.4118611,2401.4829569593658,> 1500 m
1336058423,10.9236811,48.4127894,2374.3800050960863,> 1500 m
1336058438,10.9214759,48.4113869,2472.3778249524453,> 1500 m
1336058493,10.9208332,48.4118455,2470.9505532028866,> 1500 m
1336058588,10.9224179,48.4107883,2470.8523705148014,> 1500 m
1336058655,10.9217127,48.4113038,2463.6063521812025,> 1500 m
1336058694,10.9236454,48.4131784,2417.7150711744152,> 1500 m
1336058725,10.9212668,48.4118698,2438.800815650029,> 1500 m
1336058768,10.9229243,48.4120169,2314.1989293953,> 1500 m
1336058799,10.922017,48.4112082,2450.0523591255155,> 1500 m
1336058841,10.921977,48.4109647,2477.288849695399,> 1500 m
1336058914,10.9227306,48.4106693,2464.7259032648794,> 1500 m
1336058943,10.9235209,48.4121385,2301.043671396032,> 1500 m
1338638584,10.9157322,48.4163412,2266.5720227776314,> 1500 m
1338638936,10.9199261,48.4160755,2251.7297831728056,> 1500 m
1345578971,10.8885512,48.33562,1509.1527922268988,> 1500 m
1360696835,10.8969269,48.4245006,3548.408669195351,> 1500 m
1363044086,10.8135224,48.3281273,4560.422607284816,> 1500 m
1363044087,10.8173215,48.3301671,4194.486876214535,> 1500 m
1363054159,10.8323772,48.3398384,3503.694627947375,> 1500 m
1375267942,10.9349305,48.4108302,3228.706910555836,> 1500 m
1376719389,10.9297367,48.4001133,1668.5159309908038,> 1500 m
1376719437,10.9294934,48.4001895,1646.488312806555,> 1500 m
1376741847,10.9311119,48.3955988,1596.801373414183,> 1500 m
1376742113,10.9309772,48.3957289,1579.2461901197978,> 1500 m
1376742160,10.9311251,48.3957561,1590.4212276336732,> 1500 m
1376742171,10.9307411,48.3964168,1511.5844984428527,> 1500 m
1377043973,10.9451961,48.3938198,2055.847520384231,> 1500 m
1377043988,10.9452666,48.3937697,2050.009269151521,> 1500 m
1379012594,10.9309437,48.3955561,1588.4028183348737,> 1500 m
1379025590,10.938203,48.2773645,8711.843006691914,> 1500 m
1379025593,10.9355503,48.2775975,4654.327755471228,> 1500 m
1379025599,10.9358139,48.2779026,4693.462935160533,> 1500 m
1379025603,10.9359419,48.2782952,4737.730671199894,> 1500 m
1379025631,10.9433635,48.293679,6692.92738704609,> 1500 m
1379025640,10.9418297,48.2940078,3672.437465574016,> 1500 m
1379025650,10.9434934,48.2944626,6604.979274566611,> 1500 m
1379025656,10.9512424,48.2995039,5815.802106472159,> 1500 m
1379025661,10.9515351,48.2998532,5771.116472321097,> 1500 m
1379025667,10.9520324,48.3001188,5769.592629724967,> 1500 m
1379025669,10.9506554,48.3002202,5725.966505533575,> 1500 m
1379025671,10.9509913,48.3002526,5711.014605821108,> 1500 m
1379025679,10.9490369,48.3012768,3506.7091873749077,> 1500 m
1379025683,10.9494031,48.3016458,3457.4389099987043,> 1500 m
1379025686,10.9532745,48.3089757,4700.669836433723,> 1500 m
1379025700,10.951986,48.3098995,4558.889069688293,> 1500 m
1382818332,10.9340072,48.3974282,1857.118577917715,> 1500 m
1382818348,10.9332007,48.3988013,1742.0957329817766,> 1500 m
1384345349,10.9379176,48.4007424,2430.329504468133,> 1500 m
1384345353,10.9377983,48.4009917,2401.243129943089,> 1500 m
1385080198,10.9261783,48.3675125,1503.410222435422,> 1500 m
1385742328,10.9376735,48.396033,2186.759447969596,> 1500 m
1391027034,10.9182185,48.2993735,1793.5341358909232,> 1500 m
1391027227,10.9353255,48.3230749,3092.9344530158114,> 1500 m
1393303465,10.9457512,48.3169035,3533.788567898908,> 1500 m
1393303481,10.9446323,48.3173047,3489.7911204844936,> 1500 m
1393303567,10.9488679,48.3187431,3447.6765106650773,> 1500 m
1393303568,10.9489183,48.3187496,3443.8803341860757,> 1500 m
1393303571,10.9490698,48.3187658,3432.4696464076387,> 1500 m
1393340712,10.9397796,48.3348096,1507.6227193987806,> 1500 m
1396181066,10.8889485,48.3255169,1535.7940465796937,> 1500 m
1435867163,10.8913841,48.4038279,2328.8968685764435,> 1500 m
1435867167,10.8968907,48.4092595,2450.431478207569,> 1500 m
1440101690,10.8792603,48.4051692,1691.0604071742964,> 1500 m
1440101691,10.87912,48.405983,1781.84525447779,> 1500 m
1446605041,10.8201569,48.3190882,3834.825217228214,> 1500 m
1446605047,10.8202674,48.3191149,3843.518557927176,> 1500 m
1446605053,10.8204238,48.3191477,3834.526404247532,> 1500 m
1446606255,10.8211954,48.3229464,4256.047667388147,> 1500 m
1455353406,10.9131686,48.4211305,3172.3566776887565,> 1500 m
1460317028,10.8232214,48.3301769,3861.9183571440585,> 1500 m
1460317069,10.8250508,48.333339,3473.6298313836764,> 1500 m
1460744418,10.8225082,48.3247073,4300.186236141877,> 1500 m
1460744419,10.8224304,48.3247224,4300.42195205821,> 1500 m
1460744482,10.8460952,48.3370718,1877.7361234947173,> 1500 m
1461169276,10.8147774,48.3471247,5523.466298854274,> 1500 m
1461169287,10.8188975,48.3477445,5210.690799896397,> 1500 m
1461602468,10.8164303,48.3139185,3600.60346910912,> 1500 m
1479978657,10.8992979,48.3923958,1653.666252396536,> 1500 m
1479978661,10.8995783,48.3925268,1628.3516845260046,> 1500 m
1479978668,10.8998035,48.3926305,1608.116836577761,> 1500 m
1479978673,10.8998288,48.3926862,1601.5036767592808,> 1500 m
1479978680,10.9001364,48.3928266,1629.1008836253543,> 1500 m
1479978681,10.8992751,48.3927714,1664.6802379699996,> 1500 m
1485880550,10.7710223,48.3033748,7424.831055516999,> 1500 m
1485885308,10.7776823,48.305418,6781.837786936427,> 1500 m
1490851272,10.8756891,48.3307241,1593.9265474607323,> 1500 m
1493404698,10.8885735,48.3942114,2675.3651341290497,> 1500 m
1503061942,10.8189675,48.3145343,3394.132948274697,> 1500 m
1503061949,10.8191455,48.3149069,3395.1151777246223,> 1500 m
1503061962,10.8221923,48.3211594,4122.335032493948,> 1500 m
1503061970,10.8224498,48.3213307,4088.503342328728,> 1500 m
1503061998,10.8354078,48.3247161,3204.3943837031347,> 1500 m
1503062075,10.8485049,48.3323015,1891.351386950796,> 1500 m
1519758918,10.806975,48.3224821,4936.584410280018,> 1500 m
1519758920,10.8066885,48.3227537,4973.473427273554,> 1500 m
1520304467,10.8147717,48.3260863,4806.737415725242,> 1500 m
1520304470,10.8166777,48.3270367,4666.229756306801,> 1500 m
1531303329,10.926512,48.366463,1529.7889911143357,> 1500 m
1531303342,10.9267461,48.3665499,1509.9141921562923,> 1500 m
1531303360,10.9264052,48.3664888,1538.5798400492445,> 1500 m
1531303367,10.9262203,48.3666915,1565.1562527884828,> 1500 m
1540738359,10.9219111,48.3912927,1503.556568022536,> 1500 m
1593968655,10.831916,48.3856061,1936.4822558945584,> 1500 m
1593968720,10.8363456,48.3796942,1555.9775687887484,> 1500 m
1593968760,10.8346836,48.3864372,1783.807510238849,> 1500 m
1593968866,10.8337587,48.3869612,1897.1671300260289,> 1500 m
1605578443,10.9281244,48.3895207,1616.4495417981268,> 1500 m
1607746126,10.9305817,48.3956703,1630.4443096438465,> 1500 m
1618969375,10.9281183,48.3946252,1518.9580933141624,> 1500 m
1618969376,10.9279721,48.3947842,1539.6739472093475,> 1500 m
1620546187,10.9458173,48.3941009,2110.815374520976,> 1500 m
1620546378,10.9459064,48.3940629,2107.4772251711274,> 1500 m
1620546396,10.9552911,48.3831651,1906.8446648466013,> 1500 m
1620611656,10.9363827,48.3978292,2090.543223912552,> 1500 m
1620611671,10.9366746,48.3979069,2084.6966314861043,> 1500 m
1620681582,10.9299698,48.390901,1500.7194940720826,> 1500 m
1620681629,10.9289811,48.3920917,1653.76487366437,> 1500 m
1624363537,10.9231974,48.3229558,1873.6225015181924,> 1500 m
1624363548,10.9185121,48.3236328,1624.838674292619,> 1500 m
1630703384,10.8202185,48.3144668,3301.185916354916,> 1500 m
1635663690,10.8025525,48.3142902,4709.530521521098,> 1500 m
1635663694,10.8026149,48.3149001,4777.668828441241,> 1500 m
1638306584,10.8996863,48.3901785,1537.9302883148691,> 1500 m
1647434396,10.9308846,48.3913309,1612.199372008109,> 1500 m
1647434411,10.9308483,48.3913707,1617.3733171988763,> 1500 m
1647434416,10.9324347,48.3916267,1674.962714304886,> 1500 m
1647434423,10.9301398,48.3910399,1676.0071689298163,> 1500 m
1647434424,10.9310698,48.3911273,1585.7505694947909,> 1500 m
1647441158,10.9327172,48.3917751,1690.9222219962824,> 1500 m
1648203200,10.9206509,48.3233178,1680.5929511649156,> 1500 m
1665554090,10.9180396,48.3383073,1513.3394565906997,> 1500 m
1684569366,10.930066,48.3705089,1504.9871030651252,> 1500 m
1686777655,10.9304477,48.3702801,1508.390759143689,> 1500 m
1686777657,10.9303993,48.3704484,1503.1988881584862,> 1500 m
1687318750,10.8208069,48.3192948,3867.237024851816,> 1500 m
1687318754,10.8209487,48.3204145,3993.9117205713214,> 1500 m
1687318756,10.8209308,48.3211539,4076.650584236241,> 1500 m
1687318758,10.8210865,48.3219872,4171.200143818778,> 1500 m
1687318759,10.8211579,48.3221443,4189.449173657198,> 1500 m
1687318763,10.8216815,48.3234758,4177.256858115888,> 1500 m
1687318764,10.8217597,48.3235709,4189.308939233186,> 1500 m
1687318765,10.8220361,48.3239128,4232.471111017618,> 1500 m
1687318766,10.8221963,48.3241187,4230.702079106659,> 1500 m
1687318767,10.8222953,48.3242722,4249.273785074984,> 1500 m
1693521706,10.9106787,48.4224334,2923.438494494607,> 1500 m
1693521736,10.9111279,48.4226592,2966.934448298442,> 1500 m
1696166141,10.933042,48.3905244,1607.6905113409398,> 1500 m
1696166232,10.9318795,48.3904355,1505.488971492489,> 1500 m
1734293872,10.8805981,48.3226234,1638.9973306561783,> 1500 m
1734293888,10.8792335,48.3223809,1670.832606951114,> 1500 m
1734293918,10.8800614,48.3237914,1836.516685954833,> 1500 m
1738883255,10.931171,48.3926255,2352.0971186906245,> 1500 m
1744664819,10.8791299,48.3227167,1726.7230620816583,> 1500 m
1750769485,10.8645473,48.4027254,1613.3087538651343,> 1500 m
1750769550,10.8650036,48.4025524,1574.5023732679458,> 1500 m
1751143839,10.8638244,48.4013357,1609.7822375474932,> 1500 m
1751143867,10.8648295,48.4014569,1533.476290968257,> 1500 m
1757685563,10.8342317,48.3860916,1816.9956394721817,> 1500 m
1757685580,10.8352011,48.3861633,1744.9651193253746,> 1500 m
1757685605,10.834303,48.386539,1822.4601371201773,> 1500 m
1757685607,10.8348707,48.3864516,1769.8986363097376,> 1500 m
1757695886,10.8325932,48.3865176,2022.5356710282308,> 1500 m
1757695887,10.8337517,48.3868896,1894.683137509916,> 1500 m
1757695900,10.8359582,48.3855195,1632.881334883681,> 1500 m
1757695902,10.8342084,48.386275,1826.7051397753107,> 1500 m
1757695904,10.8338052,48.3865821,1860.2631699897909,> 1500 m
1757695927,10.8338282,48.3865837,1858.5554467699544,> 1500 m
1757695928,10.8346345,48.3864374,1787.43336852133,> 1500 m
1757695930,10.83572,48.3854879,1646.983364669822,> 1500 m
1757695932,10.8325339,48.3868402,1986.3978447000784,> 1500 m
1757695936,10.8334386,48.3869051,1919.202194292602,> 1500 m
1757695946,10.8341949,48.3860721,1821.697920542855,> 1500 m
1757695950,10.8339236,48.3865904,1851.471369584256,> 1500 m
1757695964,10.8359034,48.385516,1636.9467856216806,> 1500 m
1757695972,10.8323019,48.3865002,2038.696286960228,> 1500 m
1757695974,10.8339861,48.3860587,1837.2401993551168,> 1500 m
1757695976,10.8351438,48.3860943,1753.742512832442,> 1500 m
1767291524,10.8865968,48.454078,7173.510932115763,> 1500 m
1767291530,10.8853953,48.4575878,7596.724771643947,> 1500 m
1767291531,10.885753,48.4575947,7570.336204640364,> 1500 m
1767319553,10.8944424,48.3962512,1728.5955362460577,> 1500 m
1768647827,10.8852053,48.4083904,2295.985487258319,> 1500 m
1768647839,10.8855938,48.4110436,2641.917923242432,> 1500 m
1768647840,10.8856636,48.4074473,2213.695848293192,> 1500 m
1768647842,10.8866321,48.4101374,2528.1246347637984,> 1500 m
1768647851,10.8856393,48.4089918,2390.966946865228,> 1500 m
1768647854,10.885381,48.4063679,2058.7231583911557,> 1500 m
1768647858,10.885268,48.4097192,2560.828557625049,> 1500 m
1768647860,10.885529,48.4103191,2561.21411873621,> 1500 m
1768647862,10.8858439,48.4106273,2576.1883484982677,> 1500 m
1768647863,10.8851104,48.4103348,2592.502434622521,> 1500 m
1768647865,10.8852981,48.4086112,2382.168101131084,> 1500 m
1768647870,10.8854009,48.4112561,2674.9907913351253,> 1500 m
1768647880,10.8851534,48.4108569,2645.2623149231194,> 1500 m
1768647881,10.8853674,48.4108491,2629.6668961949904,> 1500 m
1768647886,10.8853472,48.4106456,2606.989630798432,> 1500 m
1768647887,10.8861783,48.4100232,2481.1097189579573,> 1500 m
1768647888,10.8860956,48.4090901,2377.1662696824565,> 1500 m
1768647890,10.8863628,48.4112646,2622.418332903392,> 1500 m
1768647896,10.8851031,48.4102368,2581.5920034761366,> 1500 m
1768647901,10.8861165,48.4094107,2412.8490327505224,> 1500 m
1768647903,10.8853261,48.4104026,2579.9243804675643,> 1500 m
1768647905,10.8873774,48.4101468,2562.6042885228944,> 1500 m
1768647906,10.8859162,48.4112374,2644.58594649584,> 1500 m
1768647908,10.8848813,48.411275,2709.5017630071966,> 1500 m
1768647919,10.8857988,48.4062274,2057.7197750790083,> 1500 m
1768647936,10.8861889,48.4101513,2495.375280483836,> 1500 m
1768647939,10.8848549,48.4108677,2664.1633335866845,> 1500 m
1768647940,10.8862628,48.4065259,2120.7588453356584,> 1500 m
1768647944,10.8851869,48.4112639,2690.586210042563,> 1500 m
1768647945,10.8848733,48.4110696,2686.654661283233,> 1500 m
1768647954,10.8851366,48.410653,2622.555753834928,> 1500 m
1768647957,10.8877316,48.413646,2970.846468479621,> 1500 m
1768647958,10.885384,48.411051,2652.150592719692,> 1500 m
1768647961,10.8860804,48.411501,2666.57768757531,> 1500 m
1768647963,10.8867154,48.4097893,2482.639564129137,> 1500 m
1768647964,10.8866671,48.406836,2170.7086473522386,> 1500 m
1768647965,10.8855564,48.4106377,2596.698551477588,> 1500 m
1768647966,10.8853242,48.4074574,2238.773654722042,> 1500 m
1768647972,10.8862726,48.4127136,2811.2053169051983,> 1500 m
1768647975,10.8854233,48.4115275,2705.214391514209,> 1500 m
1768647977,10.8857913,48.4097658,2602.784442335371,> 1500 m
1768647979,10.8866353,48.4127056,2791.0811699296005,> 1500 m
1768647995,10.8848438,48.4106636,2641.453633647112,> 1500 m
1768648001,10.8859413,48.4074386,2193.174738743877,> 1500 m
1768648005,10.885803,48.4102115,2529.854982333435,> 1500 m
1768648006,10.8858415,48.4063098,2067.410574114276,> 1500 m
1768648010,10.8871119,48.4087418,2431.214118458476,> 1500 m
1768648015,10.8871932,48.409771,2517.965181218689,> 1500 m
1768648021,10.8855732,48.4108416,2619.4051125861474,> 1500 m
1768648022,10.8849712,48.4082907,2274.707104098806,> 1500 m
1768648030,10.8863348,48.4109301,2585.166206607508,> 1500 m
1768648032,10.8861346,48.4096148,2435.5832383542743,> 1500 m
1768648049,10.8857029,48.4086779,2351.1084453775184,> 1500 m
1768648056,10.8863586,48.4114688,2645.5979714417117,> 1500 m
1768648059,10.8870265,48.4065369,2188.269073802542,> 1500 m
1768648077,10.8860681,48.4072289,2206.675469196152,> 1500 m
1768648080,10.8858746,48.4110332,2621.3813527007014,> 1500 m
1768648090,10.8866977,48.4109111,2612.0348579855986,> 1500 m
1768648092,10.8867699,48.4136773,2899.7218478220807,> 1500 m
1768648101,10.886484,48.411561,2659.4100486592138,> 1500 m
1768648103,10.8858683,48.4065259,2091.544034597506,> 1500 m
1768648112,10.88517,48.4110588,2667.746011437579,> 1500 m
1768648115,10.8863604,48.4067213,2144.724029614214,> 1500 m
1768648118,10.8856114,48.4112483,2664.716595871745,> 1500 m
1768648120,10.8848017,48.4102387,2594.0831210343167,> 1500 m
1768648123,10.8847388,48.4093947,2499.9399284223578,> 1500 m
1768648126,10.886163,48.4102175,2502.980579840957,> 1500 m
1768648127,10.885053,48.4116077,2734.200157767106,> 1500 m
1768648132,10.8866018,48.4116478,2672.400534340504,> 1500 m
1768648135,10.8852878,48.4085101,2393.435603006226,> 1500 m
1768648138,10.8858564,48.4108314,2598.902011132044,> 1500 m
1768648145,10.8862587,48.4088248,2385.643795920112,> 1500 m
1768648155,10.885283,48.4098976,2580.6966334716035,> 1500 m
1768648156,10.8855241,48.4102226,2550.477699732533,> 1500 m
1768648160,10.8847392,48.4095144,2513.250012689924,> 1500 m
1768657963,10.8863444,48.4084621,2452.1871651369847,> 1500 m
1768657964,10.8863492,48.4081579,2416.733744743696,> 1500 m
1768657965,10.8870878,48.4084367,2397.2418923734986,> 1500 m
1768657966,10.8870641,48.4081374,2363.915258207558,> 1500 m
1768657967,10.8870403,48.4078368,2330.443881716595,> 1500 m
1768657968,10.8863156,48.4078546,2383.9734514881284,> 1500 m
1773755195,10.8908221,48.427212,4136.942630286309,> 1500 m
1773755197,10.8907678,48.4266132,4075.519320737152,> 1500 m
1773955642,10.8792044,48.3101603,1568.5247562736392,> 1500 m
1778274282,10.8980265,48.4499233,7333.05317763709,> 1500 m
1792012911,10.7688649,48.3066201,7385.8663137385265,> 1500 m
1792317957,10.8944504,48.4122021,2490.5471265550173,> 1500 m
1792317958,10.894592,48.4127656,2427.023081295792,> 1500 m
1792317960,10.8941022,48.4125494,2494.78569916424,> 1500 m
1808034295,10.9333981,48.3923088,1642.096164725562,> 1500 m
1808034314,10.9332572,48.3931525,1751.244492173778,> 1500 m
1811633630,10.9201798,48.4211647,2832.038527256839,> 1500 m
1811633632,10.9202358,48.4212124,2838.7623653991154,> 1500 m
1820624559,10.9329188,48.3994021,1812.0741367787912,> 1500 m
1820624561,10.9313693,48.3996899,1969.152829942479,> 1500 m
1820662854,10.935739,48.401142,2183.8277739981804,> 1500 m
1823082183,10.9369015,48.3951706,2204.7604816676576,> 1500 m
1823082187,10.9378182,48.395438,2146.178859853341,> 1500 m
1823162415,10.9036725,48.3924076,1507.6730776822476,> 1500 m
1827789376,10.9378446,48.3989018,2138.621125616264,> 1500 m
1831511026,10.7659292,48.2970236,8385.612175662525,> 1500 m
1841908209,10.9550571,48.3047237,5201.283578992437,> 1500 m
1855817327,10.7799654,48.3094243,6581.676535904577,> 1500 m
1855817364,10.7845109,48.3097035,6242.833984351076,> 1500 m
1855817368,10.7801486,48.3083331,6470.341715641593,> 1500 m
1855841352,10.7852658,48.3108155,6294.302834150204,> 1500 m
1866017184,10.9453306,48.2847207,7716.880198793073,> 1500 m
1866017257,10.9533946,48.3031322,5341.194188606411,> 1500 m
1866017665,10.9395978,48.3362113,1562.24459067958,> 1500 m
1866273921,10.9487249,48.331138,1812.0881159701037,> 1500 m
1883632497,10.8011843,48.3300564,5506.9401131778895,> 1500 m
1884109416,10.786604,48.313415,6044.958784763743,> 1500 m
1884109418,10.7838574,48.3108319,6401.215823810315,> 1500 m
1884109430,10.7807675,48.3124588,6702.636809691146,> 1500 m
1884109439,10.7824842,48.3109889,6504.259785956871,> 1500 m
1924042596,10.9563341,48.3812131,2016.277682750674,> 1500 m
1972412627,10.8794241,48.3313845,1643.4112137637228,> 1500 m
1972412631,10.8801685,48.3314613,1584.283216856457,> 1500 m
1994129927,10.9146832,48.349774,1581.1812570493491,> 1500 m
1994129930,10.9135401,48.3505982,1541.0070518599648,> 1500 m
1994129982,10.9146883,48.350281,1557.8554029536858,> 1500 m
1994129994,10.9136132,48.3504189,1520.3509283601588,> 1500 m
1994130015,10.914443,48.3504457,1568.1410327673736,> 1500 m
1994130021,10.9148633,48.3493318,1530.236490233127,> 1500 m
1994130030,10.9154424,48.3502246,1626.913371115951,> 1500 m
1994130040,10.9145807,48.3500786,1561.1988721535713,> 1500 m
1994130070,10.9145223,48.3502434,1544.8955001034303,> 1500 m
1994130086,10.9145024,48.3507585,1612.6994230485986,> 1500 m
1994130119,10.9124573,48.3504295,1522.4313969379157,> 1500 m
1994130143,10.9143316,48.3507318,1601.001790215084,> 1500 m
1994130166,10.9139277,48.3503469,1607.7734053116326,> 1500 m
1995358443,10.9382464,48.4034355,2479.9454164452027,> 1500 m
1995358444,10.9388774,48.4041384,2606.000664499178,> 1500 m
1995358449,10.9378778,48.4040061,2548.983211256429,> 1500 m
1995358475,10.9381764,48.4035468,2493.357536412308,> 1500 m
1995358481,10.9373555,48.4040368,2532.9646243078664,> 1500 m
1995358494,10.9365228,48.4039144,2468.982828228114,> 1500 m
1995358499,10.9367956,48.4039868,2490.7181234909167,> 1500 m
1995360086,10.9386385,48.403897,2617.191980870876,> 1500 m
1995360087,10.9389931,48.4040027,2588.497974452299,> 1500 m
1995386837,10.9369876,48.4014727,2348.94681896018,> 1500 m
1995386838,10.9360219,48.4005974,2261.0820390692747,> 1500 m
1995386840,10.9376603,48.4010064,2390.909383161883,> 1500 m
1995386841,10.9360869,48.4012057,2226.039410614819,> 1500 m
1995386843,10.9371317,48.4012648,2323.49917248826,> 1500 m
1995386845,10.9350747,48.4015499,2105.169487836575,> 1500 m
1995386848,10.9362157,48.4019044,2198.2354114855693,> 1500 m
1995386850,10.9367739,48.4017954,2258.0400453744337,> 1500 m
1995386852,10.9370949,48.4010061,2335.0850117477307,> 1500 m
1995386854,10.9366254,48.4020177,2230.9994792773846,> 1500 m
1995386858,10.9367158,48.4011475,2290.1403238382973,> 1500 m
1995386859,10.9365793,48.4013542,2265.044318924193,> 1500 m
1995386863,10.9369814,48.4007455,2337.192441482596,> 1500 m
1995386864,10.9357728,48.4010842,2190.722230785534,> 1500 m
1995386865,10.9372503,48.4012982,2333.0097620822858,> 1500 m
1995386866,10.9368553,48.4009364,2315.7733588934875,> 1500 m
1995386867,10.9357121,48.4017651,2157.960601983912,> 1500 m
1995386868,10.9359064,48.4007726,2282.347713602828,> 1500 m
2014347264,10.8111718,48.3185695,4401.619320160645,> 1500 m
2014347269,10.8142324,48.3336883,4388.779755836215,> 1500 m
2014347271,10.8147155,48.3337072,4353.006492670133,> 1500 m
2035557814,10.8608647,48.4063548,2142.0007363184213,> 1500 m
2045761834,10.929855,48.4002723,1690.336647557765,> 1500 m
2045761835,10.9307022,48.4034987,2119.745514432307,> 1500 m
2045761839,10.9323186,48.4016381,1989.006217526028,> 1500 m
2045761840,10.9322303,48.4018043,2008.602773281321,> 1500 m
2045761842,10.9320321,48.4017456,1991.5642156067315,> 1500 m
2045761843,10.9321169,48.4015903,1973.1959191812984,> 1500 m
2045761853,10.9317643,48.4015135,1945.8008521999925,> 1500 m
2045761859,10.929628,48.4003588,1670.7503272671877,> 1500 m
2045761866,10.932048,48.4010135,1886.389352255018,> 1500 m
2045768946,10.9293844,48.4057837,1847.5667626320724,> 1500 m
2045783809,10.9418215,48.3955683,2210.441253974341,> 1500 m
2045783823,10.9379348,48.4010288,2412.1318159663315,> 1500 m
2045795988,10.9372447,48.4022536,2284.3549177610785,> 1500 m
2045798666,10.9370026,48.3988733,2085.9990682374378,> 1500 m
2045798668,10.9352855,48.3983842,1948.056556840433,> 1500 m
2045798670,10.9350768,48.3983248,1964.8204332185437,> 1500 m
2045798671,10.9366207,48.3987645,2055.318540647106,> 1500 m
2045798674,10.9353903,48.3982036,1941.7123855657533,> 1500 m
2045798677,10.9367351,48.3985844,2049.4293819637,> 1500 m
2046526281,10.9331838,48.3693011,1619.330947160818,> 1500 m
2046526363,10.9329597,48.3692049,1637.8781719881315,> 1500 m
2046526364,10.9329854,48.3686081,1726.5310512962317,> 1500 m
2046526366,10.9327689,48.3691241,1654.5926790605924,> 1500 m
2046526377,10.9328784,48.3687211,1713.3206132654966,> 1500 m
2046526386,10.9330684,48.3688032,1696.5774384932672,> 1500 m
2058133739,10.8811144,48.3230006,1709.386780445555,> 1500 m
2058133745,10.8842828,48.323695,2013.666429524465,> 1500 m
2058133763,10.8814522,48.3239755,1802.0723151621144,> 1500 m
2058133813,10.8795555,48.324942,2051.458313301502,> 1500 m
2058133815,10.8842027,48.3254171,2181.0315011009766,> 1500 m
2058133817,10.8826034,48.3255774,2300.609127325796,> 1500 m
2058133836,10.8796286,48.3260628,2191.5425301144164,> 1500 m
2062270040,10.9312684,48.3956316,1608.9179830613252,> 1500 m
2062270048,10.9311698,48.3957673,1593.9486555051417,> 1500 m
2062276725,10.9306163,48.3989562,1664.1863553990752,> 1500 m
2062276728,10.9305685,48.3990568,1652.456695827546,> 1500 m
2062276730,10.9304011,48.399409,1693.5233133983158,> 1500 m
2062276732,10.9303923,48.3987832,1605.9688094368898,> 1500 m
2062276736,10.9293329,48.3985612,1682.3268662690546,> 1500 m
2062276738,10.9302866,48.398996,1630.8846663545332,> 1500 m
2062303156,10.9294618,48.4006791,1698.184605240338,> 1500 m
2062303158,10.9300811,48.4008061,1745.9940836053593,> 1500 m
2062303164,10.9275048,48.4001278,1538.944472413665,> 1500 m
2062303170,10.9276833,48.3997983,1506.9079510737408,> 1500 m
2062303173,10.9299396,48.4007771,1735.061569021765,> 1500 m
2062303174,10.929724,48.4007329,1718.403519426793,> 1500 m
2062303178,10.92817,48.400274,1590.6737437960228,> 1500 m
2062303181,10.9298236,48.4005137,1743.8624150857925,> 1500 m
2062303197,10.9308138,48.4000392,1797.4987802268338,> 1500 m
2062303202,10.9308993,48.3998661,1777.9714164203597,> 1500 m
2062303204,10.932484,48.4002133,1901.1678794829568,> 1500 m
2062303206,10.9301945,48.3997117,1723.179817626975,> 1500 m
2062303208,10.9301159,48.3998835,1743.1449852284868,> 1500 m
2062303210,10.9300811,48.4004744,1770.3040681786003,> 1500 m
2062303217,10.9299568,48.3996597,1704.703361667138,> 1500 m
2062303222,10.9276494,48.3998682,1508.1642065571582,> 1500 m
2062303224,10.9279324,48.4006717,1698.4906981806494,> 1500 m
2062310669,10.9311198,48.401514,2005.1828794894136,> 1500 m
2062310670,10.931974,48.3987339,1670.4059913764263,> 1500 m
2062310671,10.932082,48.3984561,1638.5035439734986,> 1500 m
2062310676,10.9314686,48.4009048,1960.1707390360452,> 1500 m
2062310678,10.9318693,48.3987105,1678.5618837868244,> 1500 m
2062310682,10.9321241,48.3987675,1682.1003268432698,> 1500 m
2062310684,10.9314025,48.4010202,1946.442299209565,> 1500 m
2062310686,10.9319731,48.4011455,1902.0740785698115,> 1500 m
2062310689,10.9327384,48.3986001,1689.5407122291592,> 1500 m
2062322954,10.9333831,48.3984669,1732.7602581627168,> 1500 m
2062322955,10.9346653,48.3984594,1854.7829440803916,> 1500 m
2062343482,10.9379692,48.3972518,2135.9454778313416,> 1500 m
2062343483,10.9371012,48.3978505,2189.268329502005,> 1500 m
2062343484,10.9374005,48.3973704,2131.491100565856,> 1500 m
2062343485,10.9378802,48.397512,2170.2492020915884,> 1500 m
2062343486,10.9375524,48.3971269,2102.184465631285,> 1500 m
2062343487,10.9368678,48.3966958,2118.0264654744933,> 1500 m
2062343488,10.9373278,48.3968299,2095.445951761812,> 1500 m
2062364067,10.9302626,48.398756,1610.352854899966,> 1500 m
2062364076,10.9293449,48.4000683,1628.2917621851989,> 1500 m
2062364077,10.92782,48.3997814,1510.0556495692776,> 1500 m
2062364090,10.9296487,48.3999868,1653.5812906871124,> 1500 m
2067083288,10.8866562,48.4035389,1738.5379289068703,> 1500 m
2067083289,10.8867258,48.4046574,2289.247529584462,> 1500 m
2079745406,10.8500627,48.3220723,1879.736380495312,> 1500 m
2085794215,10.9072062,48.2723591,3603.485434505415,> 1500 m
2085794246,10.9094845,48.2727716,3594.47195485693,> 1500 m
2085794308,10.9080029,48.2735215,3457.014931357136,> 1500 m
2085794322,10.9042261,48.2737245,3537.761415613877,> 1500 m
2087173822,10.8796873,48.3251529,2055.521955308543,> 1500 m
2087186356,10.8804528,48.3248547,1975.9190219635384,> 1500 m
2087186360,10.8790756,48.3251622,2083.3755647295984,> 1500 m
2087186365,10.8796158,48.3250292,2040.786279161759,> 1500 m
2087191414,10.8804871,48.3222509,1587.1086950214828,> 1500 m
2089257651,10.9041533,48.2735845,3554.2347211483025,> 1500 m
2089257672,10.9050723,48.2743726,3473.8584711144194,> 1500 m
2089257686,10.9046693,48.2745565,3458.5959201770056,> 1500 m
2089257703,10.9047151,48.2747397,3436.682223144346,> 1500 m
2089257757,10.9048854,48.2765481,3157.254974195708,> 1500 m
2115890396,10.892111,48.4173084,3131.1088934829045,> 1500 m
2115890409,10.8925901,48.4182804,3246.6372589365565,> 1500 m
2115890485,10.8947279,48.420344,3740.114286738163,> 1500 m
2115890726,10.8926558,48.4177688,3303.7372236961432,> 1500 m
2115890779,10.8987195,48.4155628,2439.640051123012,> 1500 m
2115890907,10.8913409,48.4219431,3678.5268082526873,> 1500 m
2115890986,10.8979449,48.4201958,3192.6801175951887,> 1500 m
2115891208,10.8925928,48.416244,3006.411287634829,> 1500 m
2115891727,10.8951043,48.4150453,2683.945956794486,> 1500 m
2115891871,10.8978121,48.4200671,3017.585831520365,> 1500 m
2115891958,10.8949203,48.4202199,3759.971310412032,> 1500 m
2133039709,10.9010636,48.4219924,3927.9836424629534,> 1500 m
2133039722,10.901417,48.4228606,3826.765836910592,> 1500 m
2133039755,10.9013437,48.4241357,3684.508020525389,> 1500 m
2133039756,10.9013595,48.4242006,3691.818153338684,> 1500 m
2174018532,10.8052838,48.3433192,5528.523640347766,> 1500 m
2187574492,10.878315,48.3322393,1539.7710447407346,> 1500 m
2187585865,10.8790954,48.3309426,1657.631955808492,> 1500 m
2191014706,10.9225005,48.2700306,4164.151326181768,> 1500 m
2191014769,10.9224318,48.2699756,4172.10474129751,> 1500 m
2191014790,10.9231649,48.2709168,4052.375850628032,> 1500 m
2198618211,10.8875083,48.4021507,1602.2985491215427,> 1500 m
2205903207,10.8978988,48.4039393,1731.823399788823,> 1500 m
2205903209,10.8974919,48.4031308,1687.5560492464808,> 1500 m
2205903211,10.8982435,48.4065993,2301.012542604517,> 1500 m
2205903216,10.8980539,48.4042658,1770.0208647896754,> 1500 m
2205903218,10.8983967,48.4048987,1845.7861304922824,> 1500 m
2205903220,10.8973664,48.4039628,1771.212333842998,> 1500 m
2205903232,10.8987649,48.4046968,1875.674593328141,> 1500 m
2205903236,10.8969669,48.4039887,1800.8435364268653,> 1500 m
2206774208,10.8979202,48.4072296,2336.797179496343,> 1500 m
2206774209,10.8975471,48.4072566,2309.093710069304,> 1500 m
2206774210,10.8982311,48.407207,2359.8833998767623,> 1500 m
2206774212,10.8981842,48.4066007,2296.632445323862,> 1500 m
2206774213,10.8978224,48.4066296,2269.7332700695706,> 1500 m
2206774214,10.8982792,48.4075104,2393.8063035453933,> 1500 m
2206774215,10.8968878,48.4067003,2200.2985883804126,> 1500 m
2206774216,10.8970534,48.4076131,2302.6569111926933,> 1500 m
2206786616,10.8970748,48.4069877,2306.643155416609,> 1500 m
2206786617,10.8974933,48.4069572,2275.56588141882,> 1500 m
2206803915,10.8975899,48.4072535,2312.2717330967503,> 1500 m
2206803919,10.8976489,48.4075632,2346.962156905935,> 1500 m
2206803928,10.8971365,48.4072866,2339.5850832862266,> 1500 m
2206822968,10.8982646,48.4074186,2383.541863183621,> 1500 m
2206822971,10.8966592,48.4067178,2183.312514207011,> 1500 m
2206822983,10.8984588,48.4071406,2429.9796213018167,> 1500 m
2206822984,10.8968656,48.406407,2235.252369892932,> 1500 m
2206822987,10.8966134,48.4064301,2215.4814818837417,> 1500 m
2206822993,10.8974499,48.4066573,2242.064949213841,> 1500 m
2206823001,10.8969196,48.4066979,2202.661046109308,> 1500 m
2206826777,10.8991691,48.4077296,2475.067045045673,> 1500 m
2206826778,10.8988439,48.4080345,2478.828720225272,> 1500 m
2206826780,10.8983776,48.4062848,2348.3329346322616,> 1500 m
2206826781,10.8990877,48.4072478,2421.9676326117865,> 1500 m
2206826783,10.8986706,48.4070318,2366.599562254907,> 1500 m
2206826785,10.8984105,48.4064782,2369.9747559569846,> 1500 m
2206841128,10.8975199,48.4087066,2448.2880432483603,> 1500 m
2206841139,10.8971445,48.4079329,2340.920427824505,> 1500 m
2206841145,10.8968602,48.4077192,2384.8204007925724,> 1500 m
2206841148,10.8970822,48.4076107,2304.799447687344,> 1500 m
2206846231,10.8984137,48.4086353,2514.736749049648,> 1500 m
2206846232,10.8986975,48.4084777,2541.821721845059,> 1500 m
2206846234,10.8983922,48.4084993,2519.158977243619,> 1500 m
2206846236,10.8985676,48.4078393,2449.7050044152984,> 1500 m
2206846237,10.8988545,48.4080928,2485.35844014194,> 1500 m
2206846238,10.8982258,48.4081434,2474.688899241495,> 1500 m
2206846239,10.8983327,48.4078546,2432.28284468614,> 1500 m
2206846240,10.8985248,48.4075964,2476.898429148416,> 1500 m
2206876322,10.897394,48.4090421,2470.785331545416,> 1500 m
2206876326,10.8980966,48.4086606,2491.1622552578588,> 1500 m
2206876328,10.8981824,48.4091705,2547.6194524461653,> 1500 m
2206876343,10.8973402,48.408721,2434.927606795796,> 1500 m
2206876353,10.8971711,48.4087345,2422.3559413584794,> 1500 m
2206876355,10.8983006,48.4089496,2535.822065014132,> 1500 m
2206876357,10.8972616,48.4092359,2477.933799063081,> 1500 m
2206876359,10.8974586,48.4094045,2575.2325838388697,> 1500 m
2206876370,10.8982439,48.4086488,2502.113761933583,> 1500 m
2206895348,10.8992668,48.4090653,2619.1239573024163,> 1500 m
2206895363,10.8987173,48.4086058,2537.4150903700047,> 1500 m
2206895376,10.8987592,48.4091258,2590.483400328076,> 1500 m
2206898370,10.8992482,48.4089541,2606.683078604904,> 1500 m
2206898373,10.899211,48.4086502,2572.5854350472973,> 1500 m
2206898375,10.899349,48.4086397,2579.214199736165,> 1500 m
2206898393,10.8990678,48.4095623,2656.008707734202,> 1500 m
2206898395,10.8992862,48.4082857,2539.579140151395,> 1500 m
2206934741,10.8963886,48.4041404,1950.2599310901944,> 1500 m
2206934744,10.8959983,48.4041514,1920.5714349819536,> 1500 m
2217634181,10.897442,48.392156,1728.718986599491,> 1500 m
2217634182,10.899062,48.392154,1662.933027633155,> 1500 m
2217634183,10.8977379,48.3917411,1761.8824613199545,> 1500 m
2217634184,10.8987051,48.3925524,1633.5324499347205,> 1500 m
2217634185,10.8983604,48.3929527,1582.2509350587038,> 1500 m
2217634187,10.8971359,48.3925566,1678.7684622827671,> 1500 m
2219378651,10.844414,48.3188733,2018.9723307949175,> 1500 m
2219378671,10.8445321,48.3191142,1990.791627695788,> 1500 m
2219378687,10.8456741,48.3188772,2079.863282667387,> 1500 m
2219398152,10.8976507,48.4020727,1684.8279153257024,> 1500 m
2219398154,10.8993893,48.4011939,1523.35582658297,> 1500 m
2219398160,10.8967978,48.4025499,1791.902784200379,> 1500 m
2219398161,10.8981965,48.4027598,1686.043642466269,> 1500 m
2219398210,10.8997244,48.4013236,1636.1953147767615,> 1500 m
2219398212,10.8985008,48.4022052,1620.3653557448877,> 1500 m
2219398215,10.8990643,48.4026194,1771.6298067484918,> 1500 m
2219398245,10.8988771,48.401562,1543.5457045884773,> 1500 m
2219724999,10.8977097,48.3996295,1509.5609746718887,> 1500 m
2219780705,10.8981751,48.4005295,1532.3926951479364,> 1500 m
2219780791,10.8972958,48.4004176,1599.5980905680635,> 1500 m
2233460519,10.7692225,48.3072175,7285.749791329451,> 1500 m
2241487473,10.895419,48.3982191,1600.6746162577683,> 1500 m
2241487478,10.8956486,48.3978719,1554.7008300042992,> 1500 m
2241487479,10.8955672,48.3979678,1566.9412618369931,> 1500 m
2241487481,10.895826,48.3986352,1603.4207765713184,> 1500 m
2241487484,10.8946592,48.3982482,1679.223327606577,> 1500 m
2241487490,10.8957241,48.3977754,1542.6091001498223,> 1500 m
2241487492,10.8962703,48.3980236,1510.571537289028,> 1500 m
2241487493,10.8957497,48.3980249,1581.8359648962437,> 1500 m
2241487497,10.8954995,48.3974646,1554.7388124712036,> 1500 m
2241487499,10.8954258,48.3976838,1584.9624639048698,> 1500 m
2241487501,10.8949337,48.3983378,1656.6409694458334,> 1500 m
2241487515,10.8960617,48.3983151,1546.6278250584714,> 1500 m
2241554384,10.9006772,48.392821,1531.8022886682725,> 1500 m
2241554392,10.8995865,48.393096,1543.2228719575844,> 1500 m
2241554396,10.9000861,48.3933896,1504.1656197909822,> 1500 m
2241592897,10.9016717,48.3927697,1505.3838448306878,> 1500 m
2251642358,10.8936254,48.424762,3702.198140196604,> 1500 m
2251642399,10.8935798,48.4244666,3669.179153357376,> 1500 m
2251642431,10.9111,48.4231672,3064.711879659999,> 1500 m
2251642468,10.911135,48.4231041,3057.235222424161,> 1500 m
2251642480,10.8954388,48.4243371,3539.5406876219413,> 1500 m
2251642528,10.8953548,48.4238988,3490.41130554364,> 1500 m
2251642568,10.8935181,48.4240999,3628.1505243929328,> 1500 m
2251642569,10.9112503,48.4228536,3086.3600496936674,> 1500 m
2264748115,10.8983556,48.4093048,2641.696714045084,> 1500 m
2271816404,10.9115891,48.2973075,1608.4531398875615,> 1500 m
2271816420,10.9145334,48.295619,1676.806944465848,> 1500 m
2280065229,10.9016437,48.415093,2216.9611211664896,> 1500 m
2280065240,10.919781,48.4160799,2241.009942911257,> 1500 m
2280065252,10.9025586,48.417235,2482.774266226695,> 1500 m
2298377223,10.9335029,48.3688188,1681.6947197830607,> 1500 m
2298377224,10.933121,48.3692753,1623.621515294027,> 1500 m
2298377225,10.9326009,48.3698603,1548.057854225871,> 1500 m
2299705072,10.8425661,48.3291836,2474.781353505302,> 1500 m
2299789195,10.8379281,48.3276608,2884.9604031363333,> 1500 m
2300085681,10.8199291,48.3144669,3322.626927248946,> 1500 m
2300085692,10.8209697,48.31797,3693.6815844266944,> 1500 m
2300085696,10.8219832,48.3181291,3772.1531537926166,> 1500 m
2300085734,10.828104,48.3197607,3605.136098192248,> 1500 m
2300085740,10.8282747,48.3199982,3634.406164269309,> 1500 m
2300085754,10.8219535,48.320389,4068.2669898383097,> 1500 m
2300085777,10.8278362,48.3207772,3705.0992352704575,> 1500 m
2300085782,10.8279591,48.320917,3687.092665242336,> 1500 m
2300085798,10.8228838,48.3213244,4055.723638066692,> 1500 m
2300085799,10.8225844,48.3213331,4078.5475177305298,> 1500 m
2300085807,10.8222398,48.3215774,4132.981176250018,> 1500 m
2300085809,10.8215935,48.321597,4180.817663335634,> 1500 m
2300085837,10.8308365,48.3231122,3280.714510816808,> 1500 m
2300085868,10.8328586,48.3236961,3116.497876145002,> 1500 m
2300153005,10.8229792,48.3201621,3914.241218837669,> 1500 m
2300153007,10.8247154,48.3202129,3839.695335534136,> 1500 m
2300153012,10.8239451,48.3204607,3980.1840347681937,> 1500 m
2300153019,10.8244844,48.3207376,3899.949514002959,> 1500 m
2300153024,10.8258566,48.3212617,3809.6367405026776,> 1500 m
2300153029,10.8255501,48.3214444,3779.2015855948857,> 1500 m
2300153030,10.8250567,48.3214521,3821.454446920974,> 1500 m
2300551811,10.8226937,48.3195958,3831.385178277011,> 1500 m
2300551822,10.8233535,48.3197553,3883.301989639664,> 1500 m
2300551838,10.8274398,48.3198936,3649.6402603257793,> 1500 m
2300551860,10.8291773,48.3204218,3669.676752755292,> 1500 m
2300551895,10.8295431,48.3208492,3724.359173399447,> 1500 m
2300551952,10.8217526,48.3211317,4138.624070449078,> 1500 m
2300551955,10.8214284,48.3211389,4113.482882758746,> 1500 m
2300552083,10.8225279,48.3225634,4111.639477848396,> 1500 m
2300552167,10.8224075,48.3233366,4120.975841749974,> 1500 m
2300552180,10.8220852,48.3233859,4145.779262753257,> 1500 m
2302171326,10.821729,48.3218343,4207.596142774121,> 1500 m
2302171327,10.8210073,48.3218439,4154.2239109440025,> 1500 m
2302305617,10.8209928,48.3153908,3401.4647421991613,> 1500 m
2302305632,10.8205612,48.3154642,3434.407747776421,> 1500 m
2302425424,10.8168798,48.3130451,3689.5052146687294,> 1500 m
2302507275,10.8141524,48.3162413,3898.074124763323,> 1500 m
2302507311,10.817821,48.317484,3805.5058836219255,> 1500 m
2302527207,10.8162818,48.3143192,3647.455218331871,> 1500 m
2305064319,10.9259548,48.4117838,2496.991492445734,> 1500 m
2305064324,10.9247709,48.4129768,2331.5568960770383,> 1500 m
2305064325,10.9266632,48.4120908,2522.562465124087,> 1500 m
2305064326,10.9257822,48.4129319,2406.364230119984,> 1500 m
2310411042,10.9314224,48.4021514,2021.089807609804,> 1500 m
2310411045,10.9317746,48.4022287,2048.4739085594697,> 1500 m
2313011977,10.9449643,48.2912914,6957.450701162512,> 1500 m
2320305491,10.8144952,48.332227,4576.241458579967,> 1500 m
2320305519,10.8142079,48.3298666,4428.890182122679,> 1500 m
2320305526,10.8145259,48.331721,4519.930994744033,> 1500 m
2322481898,10.8510499,48.3393015,1624.0215798215202,> 1500 m
2324537224,10.9117022,48.2829729,2248.9035366127314,> 1500 m
2335054519,10.9202092,48.3230496,1635.5355620782927,> 1500 m
2335054541,10.9198296,48.3233735,1682.3364162367984,> 1500 m
2335071776,10.9233498,48.3233361,1924.3039317036212,> 1500 m
2336460125,10.9087614,48.4112486,1548.7711920929578,> 1500 m
2336858010,10.8548752,48.3526973,2246.8866905051505,> 1500 m
2336858026,10.8556922,48.353179,2462.302188404293,> 1500 m
2336858030,10.8554329,48.3534446,2426.394742742314,> 1500 m
2336858034,10.8555036,48.3536339,2404.079869582826,> 1500 m
2336858036,10.8556386,48.3536642,2393.5507607015197,> 1500 m
2338578388,10.8884964,48.3942128,2681.059842901327,> 1500 m
2348459993,10.8922493,48.3963119,2760.1471601562025,> 1500 m
2348459996,10.892803,48.3964764,2793.652522183665,> 1500 m
2348460006,10.8889192,48.3985294,3156.2344517533984,> 1500 m
2348460013,10.8901306,48.3985502,3114.7444969786284,> 1500 m
2348460033,10.890262,48.3997449,3258.954886435465,> 1500 m
2348460034,10.8902322,48.3997488,3256.7125467514284,> 1500 m
2348460044,10.8893294,48.4007472,3399.9819367989294,> 1500 m
2348460046,10.8896946,48.400826,3470.212489603141,> 1500 m
2348460057,10.8893538,48.4010385,3432.43033138181,> 1500 m
2348460058,10.8897153,48.4010422,3443.6301340831665,> 1500 m
2348460095,10.8894381,48.401291,3510.025881705161,> 1500 m
2353021707,10.828068,48.31971,3598.901665114797,> 1500 m
2354113774,10.8457094,48.3204786,1891.9977766149325,> 1500 m
2354113777,10.8456551,48.3205017,1896.7640940153128,> 1500 m
2354113779,10.8453831,48.3206358,1921.807225408985,> 1500 m
2354113781,10.8463167,48.3207297,1962.5059244394088,> 1500 m
2354113784,10.8445031,48.3208294,1990.7136563158972,> 1500 m
2354113790,10.846148,48.3210517,1967.9572341312785,> 1500 m
2354113795,10.845807,48.3210824,1980.531030932218,> 1500 m
2360185628,10.9160278,48.3468384,1882.743837481279,> 1500 m
2360185638,10.9160168,48.3468751,1878.582796192284,> 1500 m
2365909082,10.9182351,48.3488176,1502.6147003370463,> 1500 m
2367578324,10.8842905,48.3232518,1984.0016069294056,> 1500 m
2367578350,10.8820834,48.3249783,2268.30144279618,> 1500 m
2367578358,10.8814281,48.326491,2141.5885950820098,> 1500 m
2367578360,10.8810837,48.3265723,2121.168720801754,> 1500 m
2367578385,10.8815504,48.3265883,2149.5135066704847,> 1500 m
2371889009,10.9505908,48.3803646,1568.575870414777,> 1500 m
2371889011,10.9515158,48.3803743,1648.2803045114076,> 1500 m
2371889021,10.954307,48.3808935,1849.5114336524089,> 1500 m
2371889023,10.9548343,48.3810067,1890.4378502015247,> 1500 m
2371889027,10.9558972,48.3812561,1973.710079741172,> 1500 m
2372474871,10.9573261,48.3794519,2235.23333407956,> 1500 m
2372474875,10.9566994,48.3796448,2164.436728890251,> 1500 m
2372474995,10.9563762,48.3811041,2028.802268305089,> 1500 m
2373210803,10.9555769,48.3777357,2209.4721737561044,> 1500 m
2373210827,10.9555473,48.3781471,2184.107622200352,> 1500 m
2373210835,10.9562247,48.378198,2235.1623508971447,> 1500 m
2373210864,10.956223,48.3786978,2189.4527983968514,> 1500 m
2373210885,10.9529889,48.3806281,1754.3969075540697,> 1500 m
2373210887,10.9529741,48.3806858,1748.2251719510216,> 1500 m
2373210889,10.9529148,48.3807946,1761.0914933477338,> 1500 m
2378284833,10.8057547,48.3059936,4922.153854009642,> 1500 m
2379292185,10.8507903,48.2962965,2297.509656991708,> 1500 m
2379292186,10.8505717,48.296301,2313.6884864398426,> 1500 m
2410457784,10.9483761,48.3811874,1554.2312728145123,> 1500 m
2410457790,10.9481779,48.3817905,1622.871898657656,> 1500 m
2410457793,10.9474891,48.3822026,1718.6984069720236,> 1500 m
2420110906,10.8540993,48.3367821,1540.7754162799051,> 1500 m
2443918650,10.8994321,48.2848196,2509.6842420483777,> 1500 m
2459292799,10.9431571,48.3928568,1878.8079507817656,> 1500 m
2459292803,10.9452653,48.3939591,2075.954588756372,> 1500 m
2468977590,10.7952261,48.3049374,5679.606563288886,> 1500 m
2468977599,10.7982071,48.3068566,5370.812021315525,> 1500 m
2471515397,10.8461246,48.3364161,1824.682959459278,> 1500 m
2471515398,10.8461024,48.3364954,1818.5909933403773,> 1500 m
2471515418,10.8466792,48.3374546,1983.951889771179,> 1500 m
2478255139,10.853679,48.342966,1916.848893146508,> 1500 m
2478255148,10.8551669,48.3430404,1893.0938676549413,> 1500 m
2478255176,10.8575824,48.3446574,1737.924722058699,> 1500 m
2478255177,10.8566257,48.3451842,1646.1067074631012,> 1500 m
2480084016,10.9455845,48.3939985,2090.197524772339,> 1500 m
2480084017,10.9321154,48.3983336,1624.6599898546624,> 1500 m
2482828013,10.9484124,48.3168113,3656.6499112481615,> 1500 m
2492616791,10.8342231,48.3861504,1812.8077713162004,> 1500 m
2492616923,10.8703153,48.4031857,1831.8029706611576,> 1500 m
2492616962,10.8697741,48.4041567,1949.2951192738356,> 1500 m
2492616998,10.8792535,48.4042557,1586.4089268037642,> 1500 m
2492617001,10.8796109,48.4042687,1581.87053625011,> 1500 m
2492617048,10.8792919,48.4057834,1750.8499864616138,> 1500 m
2495257547,10.8650764,48.4026357,1585.2111068309264,> 1500 m
2495257548,10.8651386,48.4027075,1594.4211465666156,> 1500 m
2501540607,10.8754142,48.330414,1556.5725821017818,> 1500 m
2517243016,10.7984575,48.3449293,6106.827902868533,> 1500 m
2549797717,10.8936144,48.4246932,3694.5049793637927,> 1500 m
2591588130,10.8861684,48.4022071,1534.9179590315932,> 1500 m
2591588135,10.886813,48.4023016,1574.4887996831303,> 1500 m
2591588143,10.8860898,48.4024451,1562.011020186763,> 1500 m
2591588147,10.8867372,48.4025302,1600.5166180159151,> 1500 m
2591914472,10.8838318,48.4028027,1544.3824595501546,> 1500 m
2592094840,10.8854788,48.4023396,1519.2011821020449,> 1500 m
2593800574,10.9264536,48.3663087,1547.7476527182791,> 1500 m
2593800576,10.9263241,48.366447,1546.1625650400074,> 1500 m
2593800579,10.9262227,48.3665482,1559.2422108472026,> 1500 m
2593800583,10.9261281,48.3666431,1573.837039006938,> 1500 m
2593800586,10.926658,48.3669372,1532.774633573236,> 1500 m
2602292177,10.9319753,48.3685104,1768.297539085333,> 1500 m
2606488650,10.833982,48.3860737,1835.5450162670468,> 1500 m
2606488651,10.8341927,48.3860882,1819.90032336862,> 1500 m
2606488692,10.9380876,48.4007793,2442.080589979863,> 1500 m
2606488694,10.8994246,48.4069707,2422.669384230149,> 1500 m
2609993381,10.8339208,48.385939,1850.265682865118,> 1500 m
2610818401,10.9171581,48.2699267,4000.529532649295,> 1500 m
2610818403,10.9171628,48.270099,3981.367088787397,> 1500 m
2611725762,10.897122,48.4050124,1915.3139949261608,> 1500 m
2612638106,10.8218302,48.3154244,3470.686402543783,> 1500 m
2612638110,10.8210233,48.3154721,3410.7820051124445,> 1500 m
2613769753,10.9372181,48.2695072,5484.276301363312,> 1500 m
2613801933,10.9429444,48.2849749,4385.662402601414,> 1500 m
2613824864,10.9426668,48.2984855,3510.3341326502987,> 1500 m
2613857394,10.9454622,48.3187221,3665.071340319674,> 1500 m
2613857427,10.9475517,48.3212948,3846.18313228338,> 1500 m
2613857454,10.9476855,48.3233316,3613.823518756557,> 1500 m
2613857519,10.9460399,48.326046,3282.282091251076,> 1500 m
2613857544,10.9447527,48.3269267,3145.630432761515,> 1500 m
2613857548,10.9452616,48.3270209,3186.8043277602246,> 1500 m
2615456158,10.8989562,48.404204,1842.9719287149333,> 1500 m
2615456159,10.8986811,48.4042224,1822.5614562551805,> 1500 m
2615456171,10.8990306,48.4046331,1891.457792287419,> 1500 m
2615456172,10.8987566,48.4046558,1871.0746084862003,> 1500 m
2619909427,10.8344322,48.3848655,1667.5134783564636,> 1500 m
2619909504,10.8369626,48.3856013,1553.2556106407883,> 1500 m
2619909539,10.8370099,48.3863428,1602.6278504053894,> 1500 m
2663138145,10.8936835,48.4246884,3696.481749196717,> 1500 m
2663138146,10.893695,48.424756,3703.044471987,> 1500 m
2663138151,10.8934029,48.4248319,3725.157037065808,> 1500 m
2663138153,10.8920966,48.4248595,3821.806547423967,> 1500 m
2700257310,10.9347285,48.4115419,3128.917696845036,> 1500 m
2700257331,10.9128166,48.4125797,1983.4487664405804,> 1500 m
2700257339,10.9240751,48.4126154,2381.1697917409333,> 1500 m
2700257366,10.9233006,48.4128602,2403.5460556312155,> 1500 m
2700257429,10.9232428,48.4132438,2448.326940791668,> 1500 m
2700318765,10.8899221,48.41454,2962.4735366374957,> 1500 m
2700318796,10.8930955,48.4151916,2829.551422391241,> 1500 m
2702157529,10.8969551,48.42469,3569.571568423826,> 1500 m
2702157531,10.8972467,48.4247673,3592.741847374447,> 1500 m
2702157573,10.8940079,48.4263238,4209.773130559165,> 1500 m
2702157585,10.894901,48.4267975,4122.976245984413,> 1500 m
2702157589,10.8950425,48.4268324,4134.114904515673,> 1500 m
2702157616,10.8944013,48.4273709,4020.685685758425,> 1500 m
2702157624,10.8947741,48.4275703,4121.292838296043,> 1500 m
2702157638,10.8945675,48.4278578,4083.980209894105,> 1500 m
2702157679,10.8992397,48.4298882,4785.404541143313,> 1500 m
2702157690,10.900014,48.4301148,4722.96554488999,> 1500 m
2704340694,10.8615243,48.4043451,1936.7274747621768,> 1500 m
2704340702,10.861993,48.4045098,1897.5805501821756,> 1500 m
2704340705,10.8620787,48.4045398,1901.740234463795,> 1500 m
2704347750,10.8650537,48.4011207,1560.8779657751525,> 1500 m
2704347755,10.8678961,48.4012896,2015.6626113522848,> 1500 m
2704347757,10.8649875,48.4014701,1521.7202365568714,> 1500 m
2704347759,10.8689043,48.4015701,1927.7460627198195,> 1500 m
2704347771,10.8671742,48.4026297,2180.814980948285,> 1500 m
2704347784,10.8682667,48.4032711,2124.5381022716065,> 1500 m
2704347786,10.8670052,48.4040268,2218.2885929723952,> 1500 m
2704347793,10.8666818,48.4043569,2236.023070310111,> 1500 m
2704347795,10.8685787,48.4044276,2089.2291771326622,> 1500 m
2711163271,10.9126307,48.3448342,1555.2574491615767,> 1500 m
2732438077,10.9291211,48.4007911,1722.837155938165,> 1500 m
2732438078,10.9293772,48.4008449,1717.035327657123,> 1500 m
2732438084,10.92891,48.4007468,1739.1814227038303,> 1500 m
2732438104,10.9287905,48.4007217,1748.4343865853878,> 1500 m
2732438125,10.9287502,48.4010582,1775.7620359043945,> 1500 m
2732438129,10.9289587,48.4011077,1760.0269874750395,> 1500 m
2736167539,10.9221806,48.2700295,4192.116596121284,> 1500 m
2736500690,10.9338502,48.272238,4784.469057208539,> 1500 m
2736500691,10.9333255,48.2722861,4745.269141715947,> 1500 m
2736500700,10.9288323,48.2726517,4708.672696267531,> 1500 m
2736500718,10.9305305,48.2745318,4329.8468958442645,> 1500 m
2736500735,10.9342328,48.2770086,4511.532210661596,> 1500 m
2741973875,10.9135816,48.3512963,1669.7688190586323,> 1500 m
2741973876,10.9135294,48.3512274,1661.1912041698315,> 1500 m
2742016913,10.9145206,48.3461127,2194.28535455005,> 1500 m
2752166250,10.8437754,48.3228347,2274.038354434107,> 1500 m
2756894529,10.8793474,48.4053334,1700.6447632067304,> 1500 m
2756894537,10.8792395,48.4053294,1708.622090652011,> 1500 m
2756894549,10.880177,48.4053693,1762.0137838702235,> 1500 m
2766899172,10.9308316,48.2724779,4559.427406635954,> 1500 m
2770236344,10.8839021,48.4025378,1574.2917140721936,> 1500 m
2770236399,10.8849911,48.4030849,1621.8003015250372,> 1500 m
2770236441,10.8856658,48.4031865,1673.15054628822,> 1500 m
2770236454,10.8864309,48.4032808,1734.0415012016697,> 1500 m
2770236456,10.886785,48.4032519,1764.8116087246335,> 1500 m
2770236459,10.8849151,48.4032914,1608.9982731577206,> 1500 m
2770236463,10.8855917,48.4033944,1660.162377522807,> 1500 m
2770236465,10.8860622,48.4034661,1695.4495284622517,> 1500 m
2773234280,10.8432851,48.3030325,2440.5990654652733,> 1500 m
2773234290,10.8492453,48.3322247,1944.145085192626,> 1500 m
2782650953,10.9172743,48.2648994,4502.5473563223895,> 1500 m
2797703853,10.897952,48.4033782,1668.651367969692,> 1500 m
2797703855,10.8983146,48.4034036,1695.6227511876584,> 1500 m
2809286973,10.898597,48.3900652,1570.3192527623844,> 1500 m
2809309580,10.8980477,48.3908986,1754.996012985205,> 1500 m
2809309587,10.8979656,48.3912583,1712.0811698820753,> 1500 m
2809309596,10.8980186,48.3912636,1708.1236291208354,> 1500 m
2809314253,10.8983241,48.3909423,1663.0554432992512,> 1500 m
2821280396,10.9300156,48.4004067,1708.7053730897262,> 1500 m
2821283503,10.9292866,48.4008259,1710.0211210091268,> 1500 m
2821283508,10.9332896,48.3986363,1722.609958170245,> 1500 m
2821283512,10.9306952,48.3981729,1534.5168944017803,> 1500 m
2821283529,10.9294771,48.400441,1664.9634680214417,> 1500 m
2821283534,10.930782,48.3981948,1541.372254095328,> 1500 m
2821283537,10.9320889,48.3984277,1635.3047807172006,> 1500 m
2821283541,10.9300449,48.3996789,1711.548849978139,> 1500 m
2821283542,10.9309631,48.3980875,1535.2941684420489,> 1500 m
2821283550,10.9309985,48.3980292,1542.283840999354,> 1500 m
2821283554,10.9309131,48.3981701,1545.192926989911,> 1500 m
2821283578,10.9303746,48.399015,1637.40602175058,> 1500 m
2821283580,10.9314322,48.3984062,1602.4516760093677,> 1500 m
2821283584,10.9314871,48.3982959,1589.534489224215,> 1500 m
2821283590,10.9300545,48.4003141,1705.7807236351568,> 1500 m
2821283592,10.9316466,48.3986709,1649.704629718433,> 1500 m
2821283594,10.9292734,48.40022,1634.2768514532502,> 1500 m
2821283612,10.9333398,48.3985387,1724.1602428785138,> 1500 m
2821283621,10.93274,48.3976462,1732.397815565337,> 1500 m
2821283628,10.929574,48.4004596,1672.4100593889382,> 1500 m
2821283635,10.9324091,48.3983362,1651.8777624761428,> 1500 m
2821283637,10.9318429,48.3982765,1603.563788818657,> 1500 m
2821283645,10.9276344,48.3992382,1506.0889345781436,> 1500 m
2821283646,10.9317992,48.3983643,1613.798961364575,> 1500 m
2821283648,10.9293712,48.4013787,1784.5323574239862,> 1500 m
2821283649,10.9298628,48.4000417,1670.5282275805828,> 1500 m
2821283652,10.9297776,48.4000203,1663.803244402972,> 1500 m
2821283653,10.9296942,48.4004827,1681.6480619504632,> 1500 m
2821283667,10.9305632,48.3981397,1531.4560956517855,> 1500 m
2821283677,10.9323881,48.398393,1645.8485746062308,> 1500 m
2821283681,10.9300798,48.4002538,1700.5040044064938,> 1500 m
2821283812,10.929307,48.4001489,1632.0057059164412,> 1500 m
2821732715,10.9338828,48.3934902,1810.882110008666,> 1500 m
2830222164,10.7889451,48.3148327,5724.558866824505,> 1500 m
2848564176,10.9157424,48.3496905,1621.232849655266,> 1500 m
2848564177,10.9157425,48.3497778,1630.9401832772312,> 1500 m
2852232511,10.9509101,48.3763094,2201.561138673529,> 1500 m
2852232514,10.9527037,48.3766276,2064.443087265588,> 1500 m
2887023323,10.9015794,48.2801076,2686.15072624121,> 1500 m
2888439704,10.8641924,48.4022473,1683.9164830995942,> 1500 m
2980975984,10.9464982,48.3938677,2169.833002262019,> 1500 m
2989521282,10.8794092,48.4049277,1655.3024029549683,> 1500 m
2991268821,10.9275503,48.3952578,1600.8551957509517,> 1500 m
2991268828,10.926667,48.3957913,1694.1381643049433,> 1500 m
3007174338,10.9424085,48.3125858,3378.11225443642,> 1500 m
3007174347,10.9416046,48.3215836,3611.149696812141,> 1500 m
3007187817,10.9387477,48.2710744,9429.54050159018,> 1500 m
3007188937,10.9389443,48.269328,9712.514510331685,> 1500 m
3007188952,10.9397394,48.2693682,9634.7136810947,> 1500 m
3007188965,10.9389282,48.2692441,9703.109445959908,> 1500 m
3007189001,10.9408722,48.2724438,9200.180305714566,> 1500 m
3007189031,10.9306481,48.296544,2694.7840671946897,> 1500 m
3007189145,10.9377123,48.3279316,2947.658036982309,> 1500 m
3007189148,10.9286834,48.329885,2575.2728398263944,> 1500 m
3007189161,10.9330618,48.2982358,2891.3836822008816,> 1500 m
3007189164,10.9345778,48.2983843,3054.58427465782,> 1500 m
3007189176,10.9379931,48.3272076,3031.4109792422373,> 1500 m
3007189177,10.9377342,48.3123181,2870.7009171500194,> 1500 m
3007189179,10.9352518,48.3111657,2950.3238547676265,> 1500 m
3007189180,10.9363363,48.3127509,2756.668934026661,> 1500 m
3031539873,10.8883439,48.4145485,2971.4906435859493,> 1500 m
3032947660,10.8344963,48.3001538,3278.651551566798,> 1500 m
3048206320,10.9415289,48.3952654,2167.9142869019734,> 1500 m
3048206325,10.9416287,48.3952875,2172.118094421119,> 1500 m
3048207733,10.9412083,48.3953862,2196.973590874862,> 1500 m
3048207752,10.9398138,48.3978125,2285.72493256353,> 1500 m
3048207759,10.9375708,48.3986933,2123.9932701892694,> 1500 m
3048207761,10.9384073,48.3987546,2201.7265972328137,> 1500 m
3048207763,10.9374997,48.3988018,2110.8361595846545,> 1500 m
3048207765,10.9390584,48.3989427,2254.148694258989,> 1500 m
3048207766,10.9391367,48.3989653,2260.451950453876,> 1500 m
3054141746,10.9486185,48.365189,1665.618700660657,> 1500 m
3056261355,10.9315306,48.3982085,1579.2991539900572,> 1500 m
3074003087,10.929584,48.4007042,1707.5866396347783,> 1500 m
3114983714,10.9263278,48.4218313,4014.371128382752,> 1500 m
3114983726,10.9261434,48.4222155,3969.535197360056,> 1500 m
3115607907,10.9211612,48.2652684,4836.8289735050375,> 1500 m
3160404477,10.9482539,48.3821476,1665.1337866627837,> 1500 m
3160404482,10.9477867,48.3827609,1746.0945168651383,> 1500 m
3160404485,10.9480451,48.3823577,1694.1697621135645,> 1500 m
3160404486,10.9478887,48.3828392,1748.9418880669791,> 1500 m
3172924293,10.9368004,48.3956178,2248.293475183121,> 1500 m
3172924294,10.9376668,48.3958704,2196.46640271141,> 1500 m
3202841787,10.9466961,48.3946912,2208.5018884682445,> 1500 m
3202841788,10.9465694,48.3947755,2215.0155430021146,> 1500 m
3202855963,10.9430607,48.3927962,1870.418219143956,> 1500 m
3207408373,10.9444537,48.3934417,1986.765951358888,> 1500 m
3208968742,10.9201363,48.4210603,2819.577781593195,> 1500 m
3211201382,10.8466628,48.3438033,2276.659464261699,> 1500 m
3215039473,10.8787295,48.3275879,1910.517022828633,> 1500 m
3215039539,10.8770725,48.3282304,1763.985107481382,> 1500 m
3215039544,10.8808048,48.3305852,1809.5789732431103,> 1500 m
3223502467,10.9314362,48.4008331,1835.1995021407893,> 1500 m
3223502468,10.9311665,48.400659,1798.18192569039,> 1500 m
3223502469,10.9309345,48.4007265,1824.787382878626,> 1500 m
3223502470,10.9311182,48.4007655,1810.549375866626,> 1500 m
3223502472,10.9312058,48.4005723,1795.4934934240048,> 1500 m
3223528733,10.9337338,48.4008386,2019.825102730224,> 1500 m
3223528742,10.9323571,48.4004524,1909.488494452684,> 1500 m
3223528743,10.9325422,48.4006599,1946.322445084803,> 1500 m
3223528745,10.9327614,48.400271,1960.735239399232,> 1500 m
3223528746,10.9342073,48.4009667,2052.1042154027527,> 1500 m
3223528753,10.9339566,48.4008989,2037.587272451413,> 1500 m
3223528754,10.9326182,48.4005263,1930.442576344379,> 1500 m
3223528757,10.9345942,48.400603,2055.349128833604,> 1500 m
3223528758,10.9325507,48.400089,1893.144377845747,> 1500 m
3223528759,10.9339845,48.4011493,2023.577750586079,> 1500 m
3223529363,10.9338335,48.4011069,2035.6811450770056,> 1500 m
3223529365,10.9339104,48.401263,2009.7965020146744,> 1500 m
3223529366,10.9356824,48.4001634,2031.1800845117289,> 1500 m
3223529367,10.933445,48.4007605,1996.8038512568849,> 1500 m
3223529368,10.933321,48.4009664,2021.4611674418056,> 1500 m
3245942867,10.8842999,48.3219777,1882.3941506874576,> 1500 m
3245942887,10.8822051,48.3223774,2059.475443176992,> 1500 m
3246200380,10.8963339,48.3980543,1504.7663042388883,> 1500 m
3246200381,10.8961278,48.3983464,1540.6338473960764,> 1500 m
3246200388,10.8946049,48.4004919,1804.3726377480216,> 1500 m
3246200390,10.8938097,48.4016438,1945.2727424446457,> 1500 m
3246200391,10.8936192,48.4019548,1982.6062902318724,> 1500 m
3273259881,10.9007624,48.3926165,1501.740577638852,> 1500 m
3273259886,10.9005905,48.3927811,1524.0135687010447,> 1500 m
3273259888,10.9003196,48.3930518,1537.1078754753744,> 1500 m
3273259901,10.8973143,48.3963148,1534.7197263017963,> 1500 m
3273259904,10.8958252,48.3984245,1572.281252106291,> 1500 m
3273259905,10.8957021,48.3985937,1593.175489689184,> 1500 m
3322013168,10.8216775,48.3416618,4265.268919761213,> 1500 m
3322013228,10.8166924,48.3395353,4581.728445541531,> 1500 m
3332990959,10.878789,48.3250002,2082.452657832132,> 1500 m
3332990965,10.8812371,48.3247719,1931.602971133521,> 1500 m
3332990969,10.8815312,48.325199,1983.8355068021276,> 1500 m
3332991201,10.880268,48.3245517,1947.4388718263049,> 1500 m
3332991206,10.8788228,48.325055,2075.8666399454364,> 1500 m
3332991230,10.8804444,48.324501,1961.6472765377616,> 1500 m
3332991259,10.8821311,48.3250531,2031.0624372325244,> 1500 m
3332991260,10.8810953,48.3245816,1907.9878019348548,> 1500 m
3332991264,10.8788594,48.3251138,2082.9427501973737,> 1500 m
3332991271,10.8818534,48.3246166,1980.331326679075,> 1500 m
3350386853,10.9311937,48.3960038,1697.3182793793778,> 1500 m
3350386856,10.9312737,48.3958723,1712.6250394489273,> 1500 m
3350386859,10.9319344,48.3957809,1660.8167820787485,> 1500 m
3350386860,10.9317618,48.3961267,1653.2047194232473,> 1500 m
3350386861,10.9318319,48.3959883,1669.4410985600553,> 1500 m
3350388503,10.9318433,48.3963779,1624.631745013318,> 1500 m
3350388505,10.9320311,48.3959753,1671.496948415798,> 1500 m
3350388506,10.9318576,48.3959376,1675.3894420102615,> 1500 m
3350388518,10.9312066,48.3964738,1557.8760007795515,> 1500 m
3350388519,10.9310972,48.3966912,1532.388521059679,> 1500 m
3365617906,10.7940088,48.3213594,5884.33344430445,> 1500 m
3365617921,10.7940756,48.3183737,5934.875812504313,> 1500 m
3365617922,10.7943819,48.3213084,5856.124890656928,> 1500 m
3365617930,10.7936012,48.3186417,5980.906396140514,> 1500 m
3401440840,10.9193711,48.4183953,2537.207564764188,> 1500 m
3401440864,10.9191885,48.420355,2763.117013036741,> 1500 m
3401442085,10.9190326,48.4184002,2562.588713410632,> 1500 m
3401442092,10.9186874,48.4189085,2627.809250766017,> 1500 m
3401442102,10.9187568,48.4183648,2583.3195185573563,> 1500 m
3401442105,10.9188499,48.4185203,2582.492684043628,> 1500 m
3401442124,10.9197855,48.4205939,2743.047109113193,> 1500 m
3402681070,10.934244,48.3680031,1699.4996181461372,> 1500 m
3402681071,10.9343411,48.368042,1703.6707690375322,> 1500 m
3402681072,10.9344142,48.3680751,1710.2058062771996,> 1500 m
3402681074,10.9343901,48.3681032,1713.801985118633,> 1500 m
3402681075,10.9345074,48.3681123,1718.2419121336743,> 1500 m
3402681076,10.9345412,48.3681237,1717.2222531622806,> 1500 m
3402681077,10.9344793,48.3681402,1721.9746645515484,> 1500 m
3402681079,10.9340082,48.3684848,1672.7296219255334,> 1500 m
3402681083,10.9341076,48.3685532,1660.0193821375033,> 1500 m
3424382805,10.8234161,48.3316057,3699.071213263583,> 1500 m
3424382882,10.8478919,48.3399097,1989.3565639575336,> 1500 m
3424382895,10.8530373,48.3400749,1557.6202053881238,> 1500 m
3424382939,10.8199547,48.330873,3983.5527962712094,> 1500 m
3424382953,10.8217068,48.3294379,4003.074726797284,> 1500 m
3424382972,10.8229114,48.3264375,4283.227844741081,> 1500 m
3447470522,10.8269192,48.3346042,3273.137721471619,> 1500 m
3465174553,10.9332717,48.3960752,1764.8339885360244,> 1500 m
3465174555,10.9331949,48.39623,1761.9686075841687,> 1500 m
3465174556,10.9335502,48.3962984,1789.2810340487863,> 1500 m
3465174558,10.9337462,48.3963413,1804.5178268919608,> 1500 m
3465174559,10.9339568,48.3963873,1820.8862670354872,> 1500 m
3465174561,10.9314978,48.3964569,1630.1765262559145,> 1500 m
3465174563,10.9334555,48.3964893,1811.6299974580215,> 1500 m
3465174565,10.9317783,48.3965173,1608.405264817341,> 1500 m
3465174566,10.9336515,48.3965321,1826.856227372312,> 1500 m
3465174567,10.9338621,48.3965782,1843.2352266226465,> 1500 m
3465174568,10.9340733,48.3966244,1859.6526823941615,> 1500 m
3471229184,10.9481369,48.3819485,1640.7869743446884,> 1500 m
3471229603,10.9475056,48.3818588,1688.6385885400086,> 1500 m
3482563038,10.82698,48.3397055,4106.706458726335,> 1500 m
3488805815,10.8373862,48.3834544,1500.0953777781256,> 1500 m
3508678986,10.9460601,48.3729354,1740.5929146743097,> 1500 m
3513833647,10.8974095,48.4324792,4681.078044812381,> 1500 m
3514953398,10.8704252,48.4038049,1913.771610580164,> 1500 m
3525124891,10.8455875,48.3079099,1866.393735633396,> 1500 m
3525124892,10.8456797,48.3081667,1837.0093669011296,> 1500 m
3542256446,10.9199832,48.4238063,3128.222026204445,> 1500 m
3542256447,10.9197995,48.4237965,3141.8211231670493,> 1500 m
3564366892,10.8322385,48.3340751,3104.754289521089,> 1500 m
3564515721,10.8685841,48.3980049,1571.6234404245097,> 1500 m
3564515738,10.8688909,48.3982467,1536.4160273748707,> 1500 m
3564515759,10.8690241,48.3986064,1506.0121063201302,> 1500 m
3578505362,10.8903599,48.4172595,3251.6569602656245,> 1500 m
3578505371,10.8902713,48.418839,3436.145307229084,> 1500 m
3578505372,10.8901271,48.4177055,3309.146627465576,> 1500 m
3578505377,10.8904772,48.4175546,3285.6639480288227,> 1500 m
3596975056,10.8583126,48.3259051,1560.525086146683,> 1500 m
3596979222,10.8620248,48.3271007,1501.7161420372715,> 1500 m
3596979236,10.8616845,48.3276645,1569.2677195247827,> 1500 m
3596979239,10.8649152,48.3280528,1595.7593610563383,> 1500 m
3597028250,10.8454397,48.3115184,1639.406310658935,> 1500 m
3597028254,10.8452451,48.3121742,1564.8883156448678,> 1500 m
3623468582,10.9161733,48.3462939,2085.963825123843,> 1500 m
3644938316,10.9322979,48.4022533,2063.8137816411186,> 1500 m
3645200244,10.7772386,48.3127575,7010.888871083542,> 1500 m
3645629499,10.885026,48.32232,1951.6985100092008,> 1500 m
3739330704,10.8671151,48.4009039,1659.4728403572335,> 1500 m
3739330705,10.8671666,48.4007521,1642.1314101757564,> 1500 m
3755538511,10.8475376,48.3312699,2069.5342185107806,> 1500 m
3755538512,10.8481235,48.3311539,2024.3416704235492,> 1500 m
3775244283,10.8444557,48.3084067,1983.9615863889032,> 1500 m
3788045074,10.8233437,48.3316251,3703.205638222313,> 1500 m
3791184092,10.881074,48.3266516,2130.0156048551216,> 1500 m
3791345121,10.9322183,48.4035281,2235.549060464263,> 1500 m
3793336016,10.9282213,48.3996865,1547.0628009272189,> 1500 m
3793336019,10.9277993,48.3998233,1514.9589480675736,> 1500 m
3793336021,10.9296119,48.3998318,1678.2775604762676,> 1500 m
3793336023,10.9297291,48.3998575,1669.1654913000234,> 1500 m
3793336024,10.9298496,48.399884,1678.5367896629805,> 1500 m
3802128691,10.829046,48.336624,3338.6909723306885,> 1500 m
3802128695,10.8297066,48.3363731,3396.538085205468,> 1500 m
3802128698,10.8267905,48.3349919,3354.2804557525915,> 1500 m
3802128705,10.8276137,48.3351711,3208.567495801729,> 1500 m
3802128706,10.8271518,48.3353437,3247.735187687549,> 1500 m
3802128707,10.8281548,48.3357194,3218.452144363658,> 1500 m
3802128709,10.8288842,48.3371257,3418.3158310425165,> 1500 m
3802128710,10.8293397,48.3369219,3378.2961016269223,> 1500 m
3802128711,10.8291781,48.3369942,3392.694500255509,> 1500 m
3802128712,10.8295302,48.3374213,3446.849705179336,> 1500 m
3802128713,10.8291986,48.3374632,3461.145843516809,> 1500 m
3802128714,10.8294684,48.3373463,3437.3409595032176,> 1500 m
3802128715,10.8293548,48.3372086,3419.8780909402467,> 1500 m
3802128716,10.8290652,48.33732,3443.728012337909,> 1500 m
3802128740,10.8291218,48.3377059,3488.7234804406344,> 1500 m
3805614924,10.8277172,48.3130066,2715.335265324711,> 1500 m
3805620539,10.8374662,48.3140924,1956.5414504418968,> 1500 m
3809864826,10.8528331,48.301995,1640.8165669605046,> 1500 m
3821688132,10.9419077,48.3945566,2083.899292922913,> 1500 m
3821688134,10.9419944,48.3945821,2088.988497089755,> 1500 m
3833528563,10.9279037,48.3952472,1606.540595123397,> 1500 m
3833528576,10.9281052,48.3954758,1648.458734970994,> 1500 m
3869845076,10.9457052,48.31665,3566.8062998370538,> 1500 m
3869981866,10.8452133,48.3222575,2116.871128245777,> 1500 m
3871031806,10.8974994,48.4044283,1823.521673238686,> 1500 m
3871031807,10.8974678,48.4042426,1802.7414039488328,> 1500 m
3875983200,10.8926689,48.4022575,2078.7480371026168,> 1500 m
3875985380,10.8934492,48.4018725,1994.0040316602615,> 1500 m
3875985382,10.893552,48.4018961,2002.033901157997,> 1500 m
3875985473,10.8937754,48.4013446,1930.5216824000847,> 1500 m
3875985475,10.893889,48.4013788,1939.729962204956,> 1500 m
3875985487,10.8950329,48.3997496,1739.9593943992306,> 1500 m
3875985540,10.8964251,48.3988377,1624.4206259549085,> 1500 m
3875985541,10.8958933,48.3986773,1581.297795319856,> 1500 m
3875985542,10.8958133,48.3986525,1587.816042577396,> 1500 m
3875991714,10.8939098,48.4013487,1918.807479437113,> 1500 m
3875991716,10.8939974,48.4013707,1911.89332893462,> 1500 m
3875992288,10.8939459,48.4010955,1900.0955678883315,> 1500 m
3875992289,10.8940619,48.4011295,1909.456528945802,> 1500 m
3875999760,10.8953431,48.3993126,1686.5706485500452,> 1500 m
3875999761,10.8952245,48.3992774,1676.9798169192995,> 1500 m
3875999867,10.8949731,48.399974,1740.6871308416298,> 1500 m
3875999868,10.8948913,48.3999502,1747.280473978583,> 1500 m
3875999870,10.8947099,48.4000127,1767.1368222941949,> 1500 m
3875999871,10.8948229,48.4000458,1776.2549231613618,> 1500 m
3876001231,10.8953288,48.399472,1678.998861049051,> 1500 m
3876001232,10.8952453,48.3994469,1685.765727636933,> 1500 m
3876001234,10.8951769,48.3995446,1714.7079693128246,> 1500 m
3876001235,10.8950626,48.3995093,1705.4014002263718,> 1500 m
3876001462,10.8953818,48.3990543,1649.588614652909,> 1500 m
3876001463,10.8955048,48.399092,1659.5902191306575,> 1500 m
3876003428,10.8955356,48.3988372,1622.9111383415918,> 1500 m
3876003429,10.8956576,48.3988744,1632.8224650904594,> 1500 m
3876005745,10.896591,48.3973376,1536.491243975693,> 1500 m
3876009559,10.896715,48.397161,1558.157457889066,> 1500 m
3876009560,10.897074,48.3966499,1575.9906430742903,> 1500 m
3876009564,10.8971906,48.3964838,1555.6134303161,> 1500 m
3876009757,10.8969578,48.3970366,1588.5450563904208,> 1500 m
3876009758,10.8968294,48.3969981,1578.1435035905213,> 1500 m
3876010401,10.89744,48.3961372,1512.8995168969725,> 1500 m
3876010556,10.8958522,48.4017794,1807.1257856479824,> 1500 m
3876010557,10.8974322,48.3963507,1544.296048460436,> 1500 m
3876019903,10.8959205,48.4014595,1771.1969184132854,> 1500 m
3876019919,10.8944158,48.4032996,1973.8540729771487,> 1500 m
3876019920,10.8943897,48.4034703,1992.932611017264,> 1500 m
3876020084,10.896638,48.3997858,1577.4655943383066,> 1500 m
3876023966,10.8943676,48.4036542,2013.446362137315,> 1500 m
3877153178,10.7707403,48.3136752,7407.241137606612,> 1500 m
3877153438,10.7855967,48.3150424,5975.036674112287,> 1500 m
3877153439,10.8050054,48.3145547,4525.570092126399,> 1500 m
3877153450,10.8019463,48.3126384,4918.74206788605,> 1500 m
3883939614,10.8949182,48.3997154,1730.676849483379,> 1500 m
3883939615,10.8965904,48.3997742,1581.2089420279576,> 1500 m
3883939618,10.8958823,48.4014553,1774.055374509387,> 1500 m
3883939619,10.895813,48.4017758,1810.0471929113885,> 1500 m
3883939622,10.8926537,48.4022912,2082.659707041313,> 1500 m
3883939624,10.8943642,48.4032978,1977.668467859467,> 1500 m
3883939625,10.8943376,48.4034705,1996.7787126405813,> 1500 m
3883939626,10.8944261,48.4036503,2017.7865533938536,> 1500 m
3883939628,10.8948692,48.4061693,2203.0896611952,> 1500 m
3894302097,10.9490409,48.3195796,3284.0498340232257,> 1500 m
3897093909,10.8700077,48.4042972,1957.497069523391,> 1500 m
3902115593,10.8540808,48.3400888,1545.5093522478087,> 1500 m
3919338459,10.9459273,48.3166172,3569.657884800269,> 1500 m
3919338460,10.9457973,48.316636,3559.8201989367312,> 1500 m
3919338464,10.945942,48.3169207,3596.5114418717167,> 1500 m
3923709337,10.8916382,48.4305261,4488.925712976191,> 1500 m
3923709345,10.8927456,48.432526,4736.837922413657,> 1500 m
3925161430,10.8773948,48.3316972,1506.482203011737,> 1500 m
3925161431,10.8782176,48.331717,1567.4505539336203,> 1500 m
3931099082,10.8168997,48.3241375,4637.354568502575,> 1500 m
3935805421,10.8104206,48.3048387,4656.283355525541,> 1500 m
3935805422,10.8103492,48.3047631,4666.210868025605,> 1500 m
3997454622,10.9550269,48.3797817,1999.897953643137,> 1500 m
3997454625,10.9554293,48.3799191,2037.6564567112125,> 1500 m
3997454626,10.9545942,48.3807626,1886.1378624511735,> 1500 m
3997454627,10.9549744,48.3808263,1915.0964562680651,> 1500 m
3997462724,10.956991,48.3785204,2278.683797544836,> 1500 m
3997464785,10.9569575,48.3780964,2326.056178158209,> 1500 m
3997464787,10.957299,48.378046,2351.8935084039767,> 1500 m
4030490140,10.901665,48.4228754,3845.254730752637,> 1500 m
4030490149,10.8987719,48.4180732,2750.4977092968966,> 1500 m
4030490151,10.9020154,48.4185173,2994.9047374949128,> 1500 m
4035414852,10.8182839,48.3131649,3544.432439047103,> 1500 m
4049176496,10.8465608,48.3457809,2496.701555088986,> 1500 m
4049176507,10.8444916,48.3460295,2652.1016927415567,> 1500 m
4049181937,10.9498717,48.3109231,4365.213609465084,> 1500 m
4055528614,10.9002827,48.4118686,2024.351711546604,> 1500 m
4055528624,10.8977504,48.4130353,2176.515550549748,> 1500 m
4055528627,10.9004199,48.4126897,1975.6961223420096,> 1500 m
4055528643,10.9039586,48.4115558,1750.8080657294652,> 1500 m
4059859503,10.9359855,48.3670541,1873.169735708276,> 1500 m
4064077265,10.8228246,48.3264465,4284.227453175353,> 1500 m
4128517337,10.8919985,48.4393553,5557.048591084084,> 1500 m
4128517373,10.8910729,48.4424683,5902.216186601893,> 1500 m
4141460160,10.8949432,48.38951,2014.4302602953464,> 1500 m
4145059479,10.8169973,48.3243475,4662.658737461223,> 1500 m
4149777220,10.8984037,48.3860443,1516.1724849398124,> 1500 m
4149952993,10.8340932,48.2976633,3530.1334493666423,> 1500 m
4150027094,10.8452543,48.3311536,2178.67163143098,> 1500 m
4150037903,10.8491941,48.332236,1948.1330915906688,> 1500 m
4150037906,10.8488523,48.3322461,1929.4908829855683,> 1500 m
4167187089,10.7933469,48.309352,5455.3157065983805,> 1500 m
4172984024,10.9468626,48.2974938,6211.19340578572,> 1500 m
4172984032,10.9473371,48.2986101,6031.162203745367,> 1500 m
4222500989,10.9468996,48.3264889,3235.000461890672,> 1500 m
4353225558,10.8975605,48.421005,3096.847597339457,> 1500 m
4359106874,10.9219882,48.3218226,2283.9147929700944,> 1500 m
4381081709,10.9177856,48.3487527,1536.6084181246065,> 1500 m
4381081710,10.9178071,48.3487553,1534.9934862506875,> 1500 m
4381081719,10.9174987,48.3497637,1568.7855201127124,> 1500 m
4381081722,10.9162331,48.3498547,1626.1806129593929,> 1500 m
4381081725,10.9160713,48.3499371,1612.3930077214748,> 1500 m
4391093413,10.8340799,48.3860816,1828.262365145536,> 1500 m
4391093416,10.8340719,48.3861394,1824.0399977931684,> 1500 m
4444466528,10.9325901,48.3665551,1928.2292218124023,> 1500 m
4444466529,10.9324519,48.3667396,1905.3138068057608,> 1500 m
4444466530,10.9335382,48.3669044,1857.115691838528,> 1500 m
4444466532,10.9322414,48.3669899,1873.432136840123,> 1500 m
4444466533,10.9333277,48.3671049,1829.9336766919707,> 1500 m
4444466534,10.9320805,48.3671556,1895.358442868029,> 1500 m
4444466535,10.9319757,48.3672853,1940.8892623297456,> 1500 m
4444466536,10.9332793,48.3673106,1801.3463147524217,> 1500 m
4444466537,10.9346882,48.3673142,1942.436118968948,> 1500 m
4444466538,10.933101,48.3673383,1799.046524380447,> 1500 m
4444466542,10.9331748,48.3674274,1787.3747076432069,> 1500 m
4444466545,10.9334509,48.3675408,1763.3954455247615,> 1500 m
4444466547,10.9336394,48.3676183,1747.0196292672697,> 1500 m
4444466550,10.9341682,48.3676886,1723.3805833031806,> 1500 m
4444466551,10.9343489,48.3677632,1739.0967319490703,> 1500 m
4444466552,10.9340105,48.3677708,1714.784953306795,> 1500 m
4444466554,10.9340716,48.3677959,1709.4781557711103,> 1500 m
4444466561,10.9330522,48.3681739,1791.000135390507,> 1500 m
4444466562,10.9329454,48.36829,1775.8705177314216,> 1500 m
4444466564,10.9328418,48.3684066,1760.8149681139482,> 1500 m
4444466567,10.9327471,48.3685131,1747.060775117581,> 1500 m
4444466570,10.9332115,48.3687001,1706.9449594654316,> 1500 m
4461111083,10.8602395,48.2981689,2423.132298511824,> 1500 m
4462060408,10.9488244,48.3274058,2193.7527133600224,> 1500 m
4466982869,10.8670382,48.3972525,1587.166462340716,> 1500 m
4491289835,10.9455069,48.387192,1701.3823717251569,> 1500 m
4491294132,10.943337,48.3893411,1553.2541240545888,> 1500 m
4519536593,10.9308995,48.3098727,2159.489381683052,> 1500 m
4519536596,10.9303339,48.3103938,2087.271331104278,> 1500 m
4578968500,10.833002,48.3402881,3474.022151075445,> 1500 m
4582161518,10.8950743,48.4150236,2680.6711271232907,> 1500 m
4584493254,10.9458836,48.3928048,2166.718510209688,> 1500 m
4584493285,10.9448288,48.3870504,1646.1443097143292,> 1500 m
4584493332,10.9403805,48.3908952,1566.9176494368596,> 1500 m
4585837957,10.8479417,48.3306822,2078.5027670556947,> 1500 m
4585837968,10.8478869,48.3304946,2099.83378182346,> 1500 m
4585837974,10.8478614,48.3303159,2119.8106816135346,> 1500 m
4589307759,10.8924822,48.4188583,3311.4962808991154,> 1500 m
4589307760,10.8925923,48.4189894,3329.1862516136302,> 1500 m
4589351452,10.8912794,48.4220899,3699.4238583327215,> 1500 m
4589351453,10.8911788,48.4220887,3698.659481216303,> 1500 m
4589351455,10.891287,48.4220893,3698.7654719307775,> 1500 m
4589351456,10.8909438,48.4221477,3717.540394877202,> 1500 m
4676520312,10.8961481,48.4049706,1974.1495004860656,> 1500 m
4676520314,10.8961179,48.4048213,1957.3973095883932,> 1500 m
4676520316,10.8960897,48.4046676,1940.180315529412,> 1500 m
4676520318,10.8960622,48.4045215,1923.8083721709552,> 1500 m
4676520320,10.8970722,48.4047387,1884.658682580992,> 1500 m
4676520323,10.8970436,48.4045817,1867.0738597939476,> 1500 m
4676520326,10.8970171,48.4044361,1850.766102568376,> 1500 m
4676520358,10.8978927,48.403907,1728.203680308989,> 1500 m
4676560513,10.9475535,48.3768752,1617.7466429188369,> 1500 m
4732435878,10.946937,48.3659468,1718.7673904330725,> 1500 m
4732435879,10.9471979,48.3659654,1738.1519562864123,> 1500 m
4732435880,10.9476566,48.3656643,1730.7649463717446,> 1500 m
4732435887,10.9467633,48.3652531,1630.031681645544,> 1500 m
4732435888,10.9467563,48.3657306,1687.9411117394336,> 1500 m
4732435889,10.9466582,48.365568,1666.5170515165996,> 1500 m
4732435890,10.9468646,48.3655769,1668.9559049869476,> 1500 m
4740295645,10.8890047,48.3257715,1564.409966648347,> 1500 m
4741745562,10.9433608,48.3890701,1520.4959002711407,> 1500 m
4751528572,10.8909824,48.4445876,6194.912390594364,> 1500 m
4751528585,10.8914597,48.4434729,6055.760469346446,> 1500 m
4751528827,10.8939827,48.4493677,6847.218932581109,> 1500 m
4751528833,10.8916586,48.4514443,7025.225738146026,> 1500 m
4751528843,10.8931767,48.447647,6642.453845366797,> 1500 m
4769901563,10.8120785,48.3235303,4672.833714471988,> 1500 m
4777039741,10.9260367,48.3661862,1507.8870834596598,> 1500 m
4777039745,10.926597,48.3664895,1522.8149098849246,> 1500 m
4777039746,10.9266832,48.3664026,1534.3873505761983,> 1500 m
4777039750,10.9263074,48.3665868,1551.6544668992235,> 1500 m
4777039753,10.9265296,48.3668817,1544.0908563613702,> 1500 m
4777039755,10.9259341,48.3673437,1513.708953749094,> 1500 m
4777039756,10.9260115,48.3673973,1505.449723765962,> 1500 m
4828481143,10.9152249,48.3463981,2050.9738058790194,> 1500 m
4832276927,10.8986201,48.4059792,1969.8096649148367,> 1500 m
4832276928,10.8984136,48.4059321,1970.1350627382024,> 1500 m
4832276930,10.8984297,48.4060095,1978.823229557604,> 1500 m
4832276931,10.8973649,48.4047186,1906.380637316932,> 1500 m
4832276932,10.8973327,48.4045637,1888.508496935996,> 1500 m
4832276933,10.8972924,48.4044212,1871.155871544128,> 1500 m
4840372029,10.8852473,48.4025949,1534.8408372672802,> 1500 m
4840372032,10.8851069,48.4028527,1567.301004978034,> 1500 m
4840372038,10.8852524,48.402995,1619.873154594128,> 1500 m
4840372047,10.8860504,48.4032213,1714.015864542299,> 1500 m
4840372048,10.8862663,48.403151,1664.6477894620025,> 1500 m
4840372049,10.8860598,48.4031185,1648.981292939806,> 1500 m
4840372050,10.8858633,48.4030887,1663.8607434672908,> 1500 m
4840372064,10.8861843,48.4027396,1605.8582485499635,> 1500 m
4840372066,10.8855912,48.402648,1560.9056357848365,> 1500 m
4883995933,10.8866681,48.4035083,1735.0237899488322,> 1500 m
4883995934,10.886372,48.4034685,1712.722092420325,> 1500 m
4883995935,10.8860776,48.4034216,1690.3724341161794,> 1500 m
4883995936,10.8856086,48.4033473,1654.7785489866312,> 1500 m
4883995937,10.8849327,48.4032441,1603.5806482359417,> 1500 m
4883995940,10.885364,48.4028516,1597.9451887263913,> 1500 m
4883995941,10.8855159,48.4028726,1586.491200058463,> 1500 m
4883995942,10.8857395,48.4029097,1603.5053071886182,> 1500 m
4883995943,10.8854789,48.4028675,1589.2808327267155,> 1500 m
4883995945,10.8856992,48.4030601,1617.7585888490808,> 1500 m
4883995947,10.8858992,48.4026956,1584.2505743451995,> 1500 m
4883995957,10.8867358,48.4016522,1504.5075277219328,> 1500 m
4884017654,10.8844066,48.4028616,1533.9495331663866,> 1500 m
4899415958,10.8837175,48.4029068,1554.1834371834077,> 1500 m
4899415960,10.8837863,48.4027971,1540.96635974399,> 1500 m
4899423025,10.8859951,48.4029387,1621.9864914495886,> 1500 m
4899423026,10.8863838,48.4023477,1566.1783345644317,> 1500 m
4899423027,10.8864227,48.4022421,1554.0900839657882,> 1500 m
4899423044,10.8866618,48.4020563,1540.5143211214304,> 1500 m
4899423045,10.8865253,48.4020589,1530.4334246144,> 1500 m
4899423046,10.886643,48.4019606,1529.547120631292,> 1500 m
4899423047,10.8865172,48.4019673,1520.2304176876523,> 1500 m
4899423048,10.88662,48.4018454,1515.761710304188,> 1500 m
4899423049,10.886507,48.401852,1507.3875312835153,> 1500 m
4907150306,10.8696257,48.4023055,1792.3734801544283,> 1500 m
4907150307,10.8703658,48.4023861,1759.6411271086645,> 1500 m
4907150398,10.8700418,48.4041642,1942.4954230520743,> 1500 m
4907150406,10.8698194,48.4050657,2044.0736145599144,> 1500 m
4907150420,10.8698653,48.4052775,2068.052601740815,> 1500 m
4907150427,10.869889,48.4042844,1966.3742402025468,> 1500 m
4907150428,10.8697413,48.4042682,1961.9275853253748,> 1500 m
4907150429,10.8702899,48.4032769,1842.1158510749608,> 1500 m
4907150431,10.870001,48.4032383,1845.8090422387809,> 1500 m
4907150437,10.8706243,48.400061,1582.8932274875465,> 1500 m
4907150440,10.8714223,48.4003032,1504.01847846924,> 1500 m
4911181805,10.9292279,48.3693104,1551.048495643522,> 1500 m
4964212603,10.8483316,48.3188413,1623.4237457294544,> 1500 m
4964212605,10.8483071,48.3188769,1627.777133701075,> 1500 m
5017353370,10.8788988,48.3216581,1607.093996996088,> 1500 m
5017353372,10.8791469,48.3216446,1588.6882574287,> 1500 m
5040857245,10.9212437,48.2655756,4712.44115502442,> 1500 m
5043443682,10.9105899,48.3519508,1570.211722549861,> 1500 m
5043443684,10.9141589,48.3497004,1583.6643614324446,> 1500 m
5043444870,10.9133331,48.3511121,1641.480023510848,> 1500 m
5043445583,10.9113967,48.3517857,1559.709932567293,> 1500 m
5043445587,10.9114091,48.3518323,1564.9720165780022,> 1500 m
5043445748,10.9144992,48.3495218,1569.2618041080805,> 1500 m
5043445751,10.9144061,48.3495369,1561.9652648823824,> 1500 m
5043445753,10.914451,48.3494051,1570.804063188263,> 1500 m
5067020141,10.9034018,48.4427637,6413.5507364496,> 1500 m
5067020145,10.8993782,48.4413018,6071.164531296883,> 1500 m
5067020155,10.8995215,48.4324643,4775.3088350276585,> 1500 m
5067020166,10.8968675,48.4309255,4502.7081403039965,> 1500 m
5067020170,10.8951314,48.4391767,5624.245841230696,> 1500 m
5068732397,10.8226221,48.323791,4177.784092136239,> 1500 m
5068732398,10.823031,48.3237189,4146.506740153484,> 1500 m
5068732401,10.8222756,48.3230345,4095.101519555031,> 1500 m
5068732402,10.8226628,48.3229681,4065.5363410601262,> 1500 m
5068732403,10.8222288,48.322606,4134.255844879381,> 1500 m
5068732404,10.8223992,48.3227644,4106.426879889203,> 1500 m
5068732407,10.8225769,48.3227304,4092.7197804927832,> 1500 m
5068732408,10.8222995,48.3223619,4147.932291709107,> 1500 m
5068732409,10.8224511,48.3223451,4136.56869905339,> 1500 m
5068732410,10.821906,48.3222329,4226.332310483791,> 1500 m
5068732411,10.8218705,48.3220764,4208.733438841854,> 1500 m
5068732414,10.8216322,48.3224553,4259.226652123847,> 1500 m
5068732415,10.8212286,48.3224971,4229.025563860615,> 1500 m
5068732417,10.8211538,48.3213511,4116.929736070987,> 1500 m
5068732418,10.8209096,48.3213531,4098.872365011003,> 1500 m
5068733021,10.8214572,48.3213786,4140.444834283642,> 1500 m
5068733023,10.8216811,48.3213655,4158.173520317042,> 1500 m
5068733025,10.8216997,48.3211544,4134.177064112833,> 1500 m
5068733054,10.8228055,48.3193924,3845.792338009369,> 1500 m
5068733055,10.8227419,48.3195628,3826.269819977587,> 1500 m
5068733059,10.8219084,48.3199947,4112.802211140441,> 1500 m
5068733060,10.8219378,48.3201394,4096.045549936884,> 1500 m
5068733063,10.8223014,48.3201279,4122.961900965858,> 1500 m
5068733064,10.8227475,48.3198594,3897.658246486109,> 1500 m
5068733065,10.8229777,48.3198599,3880.6368077476936,> 1500 m
5068733067,10.8223745,48.3205614,4115.786397419293,> 1500 m
5068733068,10.8222162,48.3205631,4104.080082789923,> 1500 m
5068733069,10.8223938,48.3207791,4141.935408312503,> 1500 m
5068733070,10.8222052,48.320778,4127.989744211152,> 1500 m
5068733087,10.8230174,48.3229419,4035.662311145909,> 1500 m
5068733089,10.8230898,48.3231312,4057.3846131845,> 1500 m
5068733091,10.8233881,48.3230529,4030.9562472525386,> 1500 m
5068733093,10.8233241,48.3228904,4012.2733887413,> 1500 m
5068733094,10.8235024,48.3230171,4019.392031574275,> 1500 m
5068733095,10.8234517,48.3228695,4002.556985675133,> 1500 m
5068755668,10.8240659,48.3210731,3966.127996205368,> 1500 m
5068755670,10.8242093,48.3210734,3954.61686139027,> 1500 m
5068755700,10.826291,48.3219654,3740.856191462209,> 1500 m
5068755701,10.8261426,48.321782,3717.69852824418,> 1500 m
5068756926,10.8232492,48.320151,3934.243442177902,> 1500 m
5068756927,10.8232346,48.3203422,3954.061897235769,> 1500 m
5068756928,10.822988,48.3203556,3935.7673040248783,> 1500 m
5068756929,10.8233154,48.3204339,3969.916976415626,> 1500 m
5068756930,10.8230011,48.3204525,3946.585558303733,> 1500 m
5068756931,10.8233199,48.3206142,3987.174585741605,> 1500 m
5068756932,10.8230532,48.3206356,3967.311615450213,> 1500 m
5068756933,10.8232497,48.3200682,3925.552568287285,> 1500 m
5068756934,10.8229772,48.3200821,3905.344383011645,> 1500 m
5068784374,10.8280175,48.3187604,3562.6313754645307,> 1500 m
5068784376,10.8275675,48.3190038,3512.0919395821,> 1500 m
5068784377,10.8283564,48.3185329,3414.1976704151384,> 1500 m
5068784378,10.8286465,48.3184264,3389.6948928734078,> 1500 m
5068784379,10.8287777,48.318792,3487.5372958174853,> 1500 m
5068784381,10.8291064,48.3188859,3451.2538612676617,> 1500 m
5068784382,10.8289615,48.3192407,3509.223370458249,> 1500 m
5068784383,10.8292988,48.3191196,3480.879582381792,> 1500 m
5068784384,10.8289995,48.3193354,3522.2090103203723,> 1500 m
5068784385,10.8293663,48.3192016,3491.274253371423,> 1500 m
5068784386,10.8290104,48.3197546,3581.614058885282,> 1500 m
5068784387,10.8295964,48.3195302,3531.613109939212,> 1500 m
5068784388,10.8294457,48.3199202,3590.254400226292,> 1500 m
5068784389,10.8297623,48.3197837,3562.3545949238,> 1500 m
5068784390,10.8289313,48.3202076,3709.708607354576,> 1500 m
5068784391,10.8285168,48.3203352,3675.9351597911655,> 1500 m
5068784392,10.8286197,48.3198739,3663.419698579869,> 1500 m
5068784393,10.8282142,48.3190874,3579.85679179012,> 1500 m
5068784394,10.8277316,48.3192354,3540.560156609051,> 1500 m
5068784395,10.827234,48.3193163,3571.0271612713896,> 1500 m
5068784396,10.8276932,48.3191812,3533.898013720026,> 1500 m
5068784397,10.827986,48.3203586,3766.3344390731377,> 1500 m
5068784398,10.8282689,48.32079,3714.002499253433,> 1500 m
5068784399,10.8292243,48.3207591,3720.484679873203,> 1500 m
5068784400,10.8294131,48.3206973,3704.9250513612633,> 1500 m
5068784401,10.8282553,48.3209208,3746.158194201136,> 1500 m
5068784403,10.8283334,48.3207636,3719.602695686201,> 1500 m
5068784404,10.828087,48.3211173,3705.7733398780742,> 1500 m
5068784405,10.8278973,48.3209419,3681.749793073868,> 1500 m
5068784406,10.8274937,48.321105,3646.8289611413848,> 1500 m
5068784408,10.8276827,48.3216723,3565.251824157532,> 1500 m
5068784415,10.8253097,48.3199557,3848.123711126656,> 1500 m
5068784417,10.8259739,48.3202999,3779.853765311831,> 1500 m
5068784418,10.8260458,48.3202796,3774.078054169912,> 1500 m
5068784420,10.8253136,48.3202364,3813.227958376565,> 1500 m
5068784926,10.8262104,48.3202926,3779.796715276248,> 1500 m
5068784927,10.8260696,48.3203243,3768.80529851856,> 1500 m
5068784929,10.8263575,48.3205497,3750.8004128958446,> 1500 m
5068784930,10.8261864,48.3205944,3737.207820515025,> 1500 m
5068784931,10.8263463,48.3208804,3697.964086633647,> 1500 m
5068784932,10.8264842,48.3208672,3690.1480402595,> 1500 m
5068784933,10.8267539,48.3207789,3712.412999184276,> 1500 m
5068811759,10.8213681,48.3230107,4234.001625853868,> 1500 m
5068811760,10.8213269,48.3229106,4245.541567600161,> 1500 m
5068811765,10.8205937,48.3223584,4277.082760930037,> 1500 m
5068811767,10.8203021,48.3221186,4231.009553639446,> 1500 m
5068811782,10.8185428,48.3211097,4280.628702888648,> 1500 m
5068811784,10.818243,48.3211098,4258.460045712432,> 1500 m
5068811785,10.8188048,48.3219662,4386.915596827433,> 1500 m
5068811786,10.8184286,48.322003,4358.800563578237,> 1500 m
5068811792,10.8192069,48.3211456,4199.962824144577,> 1500 m
5068811793,10.8196253,48.3211383,4169.01580422331,> 1500 m
5068811794,10.8191408,48.3209337,4178.016173349338,> 1500 m
5068811795,10.8195884,48.3209228,4144.898436777513,> 1500 m
5068811798,10.8160617,48.3220814,4365.1509740951215,> 1500 m
5068811799,10.8162834,48.3220512,4348.418404471843,> 1500 m
5068811800,10.8158067,48.3217912,4337.769825592346,> 1500 m
5068811802,10.8161399,48.3217389,4312.107430490292,> 1500 m
5068811803,10.8157982,48.3214156,4286.848368857545,> 1500 m
5068811804,10.815986,48.3214012,4272.870549817217,> 1500 m
5068811811,10.8165766,48.3236905,4589.700364435866,> 1500 m
5068811812,10.8167966,48.3235933,4570.170973678098,> 1500 m
5068811814,10.8161967,48.3232636,4522.778000889453,> 1500 m
5068812831,10.8183146,48.3190873,3949.4561032849992,> 1500 m
5068812833,10.8186445,48.3187966,3906.596481054183,> 1500 m
5068812836,10.8180319,48.3185582,3853.2927073448495,> 1500 m
5068812837,10.8198301,48.319104,3859.053718524364,> 1500 m
5068812841,10.8187887,48.319237,3941.877767005209,> 1500 m
5068812842,10.8191927,48.318871,3913.295308300207,> 1500 m
5068812846,10.8190938,48.3183339,3978.0216783684064,> 1500 m
5068812848,10.8195845,48.3189894,3881.238866661748,> 1500 m
5068812852,10.8192585,48.3185319,3952.603552176173,> 1500 m
5068812853,10.8201626,48.3195831,3901.341400808852,> 1500 m
5069120862,10.820546,48.3187288,3783.964314040876,> 1500 m
5069120865,10.8206115,48.3186354,3772.5044951190935,> 1500 m
5069120899,10.8214554,48.3173596,3673.5076364531487,> 1500 m
5069120902,10.8210091,48.317463,3637.161839584013,> 1500 m
5069120920,10.8214259,48.3152773,3429.0062354170554,> 1500 m
5069122121,10.8209667,48.3153309,3394.530156912109,> 1500 m
5069122128,10.8199051,48.3150651,3403.5088105504024,> 1500 m
5069198465,10.817969,48.3151513,3562.7311990176017,> 1500 m
5069198466,10.817663,48.3151496,3540.102202383794,> 1500 m
5069687837,10.8452958,48.3218405,2133.20496606065,> 1500 m
5069687906,10.8469227,48.319713,1777.3894705647149,> 1500 m
5069687907,10.8469504,48.3197693,1770.802649473467,> 1500 m
5075102640,10.8179359,48.3455337,4947.442103621383,> 1500 m
5075102651,10.8170184,48.3454741,5015.702939853376,> 1500 m
5086835862,10.8439221,48.3030316,2444.614939538903,> 1500 m
5086835863,10.8433373,48.3031185,2430.286249245504,> 1500 m
5120573773,10.8928853,48.4349645,5064.530044812292,> 1500 m
5126968638,10.8399147,48.2961891,3034.729969968492,> 1500 m
5141135990,10.9313094,48.3062234,2075.111787651679,> 1500 m
5141136002,10.9315416,48.305335,1963.9951937160165,> 1500 m
5141136010,10.9324367,48.3092189,2300.553176130725,> 1500 m
5141136018,10.9290563,48.3012142,2437.5951780840223,> 1500 m
5141136122,10.9276283,48.3010555,2330.3717947633563,> 1500 m
5150757340,10.8774775,48.3274197,2012.2131954134773,> 1500 m
5150757344,10.8781037,48.326965,1939.815870339029,> 1500 m
5150757349,10.878346,48.3265764,1987.923979736071,> 1500 m
5157438620,10.9034023,48.2873826,1982.361165753235,> 1500 m
5157439722,10.9031981,48.2867378,2057.7960210651872,> 1500 m
5159186203,10.9178357,48.343108,1998.3709612062285,> 1500 m
5174965152,10.9304207,48.3317505,2457.6586752384023,> 1500 m
5174965153,10.9305193,48.3317876,2449.2832947851884,> 1500 m
5175019227,10.917486,48.3430356,1995.158400887885,> 1500 m
5212493178,10.8943988,48.4078204,2435.233524446587,> 1500 m
5221182956,10.8525632,48.4063698,1511.3311044301129,> 1500 m
5221182958,10.8522783,48.4065129,1513.2646236770304,> 1500 m
5221182973,10.8534516,48.4058182,1503.7831933491282,> 1500 m
5221182981,10.8533454,48.4059545,1522.4181972274191,> 1500 m
5225121196,10.8480532,48.3309939,2042.876382566762,> 1500 m
5225121197,10.8473919,48.3311233,2093.8367033435143,> 1500 m
5225121218,10.8479993,48.3308408,2060.3604436316336,> 1500 m
5225121219,10.847033,48.3310363,2135.0291478425597,> 1500 m
5225121220,10.8479027,48.3305925,2088.885299444817,> 1500 m
5271737785,10.8108483,48.3178789,4320.804294966135,> 1500 m
5274928328,10.8783077,48.3273023,1917.3400069743616,> 1500 m
5317923171,10.9153635,48.4118845,1768.923587092465,> 1500 m
5331978442,10.8822787,48.3234534,1833.5764490201004,> 1500 m
5331978443,10.8817609,48.323454,1801.628699087995,> 1500 m
5331978444,10.8817759,48.3235038,1795.9812169461816,> 1500 m
5331978445,10.8842794,48.323202,1989.599608189597,> 1500 m
5331978451,10.8822726,48.3234263,1836.623400206848,> 1500 m
5331978452,10.8811908,48.3235624,1752.2331386862704,> 1500 m
5358592043,10.8984751,48.40043,1539.8992896547895,> 1500 m
5358592044,10.8982144,48.4003842,1519.9907817430262,> 1500 m
5358592045,10.8984694,48.4004506,1542.8464071142544,> 1500 m
5358592046,10.8982041,48.4004074,1522.6802401424734,> 1500 m
5361751496,10.9383506,48.3261538,3210.1759635864464,> 1500 m
5361751499,10.9383465,48.3261996,3215.277711480079,> 1500 m
5361751505,10.9422906,48.3196725,3525.850895784828,> 1500 m
5361751722,10.9397966,48.3220899,3601.370562490416,> 1500 m
5387859473,10.9108115,48.4219168,2880.337593718995,> 1500 m
5387859474,10.9110388,48.4219475,2863.2204800876875,> 1500 m
5399932820,10.9210238,48.4198951,2975.5308761882934,> 1500 m
5399933321,10.9211212,48.419921,2967.7876078870404,> 1500 m
5399933322,10.9212527,48.4199537,2978.1506704408403,> 1500 m
5399943094,10.8979951,48.4119916,2339.8509046532013,> 1500 m
5401202963,10.8921044,48.4528528,7236.983379187691,> 1500 m
5401268478,10.8961184,48.4372569,5355.907049225398,> 1500 m
5401268481,10.8966413,48.4375197,5404.730373745369,> 1500 m
5401358199,10.8968771,48.4250725,3612.511554134223,> 1500 m
5401372187,10.8980731,48.4326897,4735.344616857105,> 1500 m
5401515439,10.8067195,48.3227799,4977.180300787974,> 1500 m
5401515441,10.811816,48.3242186,4795.905892119779,> 1500 m
5401515448,10.8127225,48.3244338,4724.740061336456,> 1500 m
5402460244,10.9170243,48.4115708,1652.640204434596,> 1500 m
5402460246,10.9173526,48.4117413,1621.2507390683747,> 1500 m
5402460249,10.9176672,48.4111557,1721.0449665467895,> 1500 m
5402460251,10.9180406,48.411694,1654.6618391083784,> 1500 m
5422331928,10.9002132,48.3932684,1502.7604373880076,> 1500 m
5446048193,10.8957372,48.4111187,2468.91290783195,> 1500 m
5446048204,10.8922923,48.4021633,2108.4572164075007,> 1500 m
5446048205,10.8922268,48.4022994,2124.344568941662,> 1500 m
5446048216,10.8912157,48.4042725,2379.873230646483,> 1500 m
5446048218,10.891744,48.4042193,2430.119379111626,> 1500 m
5446052523,10.8910852,48.4047064,2429.10070386614,> 1500 m
5446052526,10.8913569,48.4047433,2452.134902188486,> 1500 m
5446052527,10.8910344,48.4050949,2472.462448526568,> 1500 m
5446052529,10.8913511,48.4050737,2496.1656488607277,> 1500 m
5446052532,10.8910152,48.4053512,2500.996968762734,> 1500 m
5446052533,10.8913216,48.4053336,2523.699184282972,> 1500 m
5446052534,10.891019,48.4058286,2545.6780230637537,> 1500 m
5446052535,10.8913189,48.4058108,2567.90401139438,> 1500 m
5446052538,10.8910539,48.406096,2515.833061381431,> 1500 m
5446052539,10.8905059,48.4061399,2556.577947032207,> 1500 m
5446052540,10.8904643,48.4070531,2618.918479246759,> 1500 m
5446052541,10.8906847,48.407036,2635.2980678666304,> 1500 m
5446052542,10.8930317,48.4079233,2534.950643739165,> 1500 m
5446052543,10.8930114,48.4078068,2547.991244711295,> 1500 m
5446052544,10.8936738,48.4077149,2468.3422308151494,> 1500 m
5446052545,10.8934566,48.4077338,2484.511812741636,> 1500 m
5446052546,10.8933083,48.4079001,2514.368655468133,> 1500 m
5446052547,10.8932865,48.4077671,2529.2448872946925,> 1500 m
5446052548,10.8933106,48.4075537,2472.703205441399,> 1500 m
5446052549,10.8935591,48.4069478,2382.607815153252,> 1500 m
5446052550,10.8930919,48.4070511,2425.682605765809,> 1500 m
5446052551,10.8932444,48.4063056,2325.6803631986872,> 1500 m
5446052554,10.8929391,48.4064342,2355.211940644771,> 1500 m
5446052557,10.8929459,48.4064697,2359.191151650791,> 1500 m
5446052562,10.8911465,48.4063141,2486.212429419381,> 1500 m
5446052563,10.8910619,48.4067439,2534.410361247832,> 1500 m
5446052564,10.891537,48.4062835,2457.1870802514777,> 1500 m
5446052565,10.8916059,48.4066815,2501.734005363852,> 1500 m
5446052566,10.8924323,48.4062141,2390.6503103009445,> 1500 m
5446052567,10.8924776,48.4064865,2421.12418691207,> 1500 m
5446052599,10.892636,48.4043992,2213.194918294758,> 1500 m
5446052601,10.892649,48.4043226,2204.623485030237,> 1500 m
5446052604,10.8926662,48.4042188,2193.0115940703663,> 1500 m
5446052606,10.8926732,48.4041612,2186.585946279205,> 1500 m
5446052608,10.8926959,48.4040453,2173.589951159426,> 1500 m
5446052612,10.8930992,48.4029555,2048.748895482508,> 1500 m
5446052613,10.8932835,48.4029833,2062.700867237341,> 1500 m
5446052614,10.8930342,48.4031245,2068.143801081506,> 1500 m
5446052615,10.8931463,48.4031442,2076.704129879732,> 1500 m
5446052619,10.8928522,48.4035982,2122.503404012333,> 1500 m
5446052821,10.892801,48.4037317,2137.821558493584,> 1500 m
5446052823,10.8927869,48.4037681,2142.0007516168325,> 1500 m
5446052827,10.8927035,48.4040091,2169.5257800339027,> 1500 m
5446052829,10.8927232,48.4039339,2161.027134422968,> 1500 m
5446052831,10.8928229,48.4036744,2131.248179171717,> 1500 m
5446052833,10.8927467,48.4038728,2154.0151374014977,> 1500 m
5446052836,10.8929645,48.4033054,2088.906638482388,> 1500 m
5446052839,10.8929945,48.4032279,2080.0090046063647,> 1500 m
5446052843,10.8930905,48.4029781,2051.3426745126003,> 1500 m
5446052845,10.8931594,48.402799,2030.7883803691832,> 1500 m
5446052846,10.8929899,48.4027721,2043.6536372599924,> 1500 m
5446052847,10.8932173,48.4026481,2013.46406215741,> 1500 m
5446052848,10.8930469,48.4026225,2026.3613093381623,> 1500 m
5446052853,10.8926987,48.402265,2076.395370194011,> 1500 m
5446052856,10.89266,48.4024525,2099.8070206742414,> 1500 m
5446052857,10.8926196,48.4022452,2082.6359717968026,> 1500 m
5446052860,10.8924669,48.4023439,2099.388916843354,> 1500 m
5446052886,10.8985726,48.4001524,1506.2849081508762,> 1500 m
5446052888,10.8985651,48.400171,1508.7447255929371,> 1500 m
5446052889,10.8981941,48.4079671,2454.9428845869616,> 1500 m
5446052890,10.898113,48.4079724,2460.9581200164084,> 1500 m
5446052891,10.8982144,48.4080922,2468.933860394397,> 1500 m
5446052892,10.898129,48.4081006,2475.3063643365026,> 1500 m
5446052893,10.8982415,48.4082304,2484.432036420103,> 1500 m
5446052894,10.8981478,48.4082377,2491.3958207085648,> 1500 m
5446052900,10.8969408,48.4047496,1894.4338570897532,> 1500 m
5446052901,10.8969301,48.4045929,1875.544331762179,> 1500 m
5446052902,10.896914,48.4044469,1858.4709934290177,> 1500 m
5446052910,10.8961671,48.4050794,1982.5242902734556,> 1500 m
5446052923,10.8976383,48.4053092,1945.278049132272,> 1500 m
5446052924,10.8976784,48.4054494,1961.1461360305505,> 1500 m
5446052939,10.8984777,48.4038913,1771.596512787451,> 1500 m
5446052940,10.8966527,48.4078571,2293.5036948239954,> 1500 m
5446052942,10.8964486,48.4078389,2311.006889523822,> 1500 m
5446052965,10.8968154,48.4088373,2403.157045949248,> 1500 m
5446052966,10.8966592,48.4088502,2414.77544482419,> 1500 m
5446052988,10.897109,48.4105529,2411.3799951665064,> 1500 m
5446052989,10.8969247,48.4106066,2426.2360177728137,> 1500 m
5446052990,10.8971415,48.410738,2390.658467445672,> 1500 m
5446052991,10.8969489,48.4107508,2404.945296063144,> 1500 m
5446052992,10.8971661,48.410878,2374.9856239470923,> 1500 m
5446052993,10.8969864,48.410895,2388.383222759449,> 1500 m
5446053122,10.8951049,48.4093193,2572.2832769329166,> 1500 m
5446053124,10.8954075,48.4092855,2549.633811577552,> 1500 m
5446053141,10.8951764,48.4079833,2403.834257780568,> 1500 m
5446053142,10.8948689,48.4080076,2426.692244519606,> 1500 m
5446053148,10.8937332,48.4080952,2510.859709580328,> 1500 m
5446053149,10.8939569,48.4080819,2527.4379057708443,> 1500 m
5446053156,10.8938169,48.4085825,2565.3970559452787,> 1500 m
5446053161,10.8937678,48.4082966,2533.3995580369005,> 1500 m
5446053162,10.8941178,48.4082689,2559.417179204322,> 1500 m
5446053163,10.8938012,48.408496,2555.70912033393,> 1500 m
5446053165,10.8935599,48.4085297,2574.105697149983,> 1500 m
5446053174,10.8938993,48.4090619,2619.049878924033,> 1500 m
5446053176,10.8941647,48.4090274,2639.0845333935385,> 1500 m
5446053181,10.8939936,48.4096102,2680.4141791922507,> 1500 m
5446053185,10.8937651,48.4097057,2702.169059407203,> 1500 m
5446053186,10.8939976,48.4096338,2683.054939762879,> 1500 m
5446053187,10.8942385,48.4096167,2700.9374730749696,> 1500 m
5446053204,10.8940659,48.410031,2711.648805159776,> 1500 m
5446053207,10.8938657,48.410117,2730.3563166763624,> 1500 m
5446053208,10.8938791,48.4102523,2704.7768006593474,> 1500 m
5446053213,10.8941018,48.4102398,2688.2805503320387,> 1500 m
5446053446,10.893031,48.4103928,2760.8965595529075,> 1500 m
5446053447,10.8927767,48.4104125,2779.793892890244,> 1500 m
5446053495,10.8915728,48.4083819,2686.1152488399403,> 1500 m
5446053496,10.891787,48.4083623,2702.075535506473,> 1500 m
5446053640,10.8918052,48.4097368,2837.746910534994,> 1500 m
5446053641,10.8916421,48.4097493,2849.865488897602,> 1500 m
5446053644,10.8917915,48.4096567,2828.782962704188,> 1500 m
5446053645,10.8916301,48.409671,2840.801756315238,> 1500 m
5446053661,10.8916359,48.4087497,2727.277165996403,> 1500 m
5446053662,10.8914503,48.4087647,2741.0779497782146,> 1500 m
5446053667,10.891586,48.4084588,2694.721481978895,> 1500 m
5446053669,10.8913819,48.4084781,2709.9409085256552,> 1500 m
5446053674,10.8909103,48.4080844,2692.5680725848147,> 1500 m
5446053675,10.8909367,48.408227,2708.543784169731,> 1500 m
5446053676,10.891551,48.4082549,2671.902091441581,> 1500 m
5446053677,10.8914007,48.4082653,2683.05634574854,> 1500 m
5446053684,10.8965733,48.4074065,2243.056476355448,> 1500 m
5446053685,10.8964138,48.4074222,2254.9586273552777,> 1500 m
5446053686,10.8964977,48.4069992,2197.4223769509645,> 1500 m
5446053687,10.896116,48.407027,2225.766688848028,> 1500 m
5446053694,10.8964714,48.4068574,2181.53585139933,> 1500 m
5446053695,10.8962998,48.4068738,2194.333164839377,> 1500 m
5446053696,10.8964453,48.4067265,2166.843262280691,> 1500 m
5446053699,10.8962797,48.4067892,2184.683936403301,> 1500 m
5446053706,10.8947364,48.4077306,2410.457407097028,> 1500 m
5446053707,10.8947179,48.4076153,2423.350719250603,> 1500 m
5446053708,10.8951024,48.4077597,2383.026208304187,> 1500 m
5446053710,10.8950163,48.4076145,2404.0796558167926,> 1500 m
5446053711,10.8940097,48.4076474,2478.6902800128587,> 1500 m
5446053712,10.8941916,48.407635,2492.18770121584,> 1500 m
5446053713,10.8939589,48.4067018,2405.3079872260178,> 1500 m
5446053714,10.8939408,48.4065587,2421.275997006746,> 1500 m
5446053715,10.893292,48.4062202,2329.6746114408224,> 1500 m
5446053716,10.8932649,48.406061,2347.4895381741235,> 1500 m
5446053717,10.8933637,48.4062454,2323.6857534096694,> 1500 m
5446053718,10.8933386,48.4060557,2344.860675567051,> 1500 m
5446053719,10.8936795,48.4061914,2285.3853204213606,> 1500 m
5446053822,10.8937061,48.4060441,2302.262007982712,> 1500 m
5446053834,10.8944093,48.4049218,2154.870832990132,> 1500 m
5446053837,10.8940038,48.4050283,2193.7133227874942,> 1500 m
5446053838,10.8943968,48.4048483,2146.6460704621545,> 1500 m
5446053840,10.8941983,48.4048217,2163.7158525633145,> 1500 m
5446053853,10.8943464,48.4038253,2032.5398495029103,> 1500 m
5446053854,10.8942036,48.403837,2043.1612902119384,> 1500 m
5446053862,10.8943789,48.4027353,1921.533656543761,> 1500 m
5446053863,10.8943753,48.4028087,1929.6997012433608,> 1500 m
5446053864,10.8946837,48.4027731,1898.643700156262,> 1500 m
5446053865,10.8946623,48.4028514,1907.492436643691,> 1500 m
5446053868,10.8943583,48.4037098,2019.6668094225145,> 1500 m
5446053870,10.8945349,48.4037747,2035.4211260231957,> 1500 m
5446053871,10.8943394,48.4038819,2038.8546689513807,> 1500 m
5446053877,10.8947495,48.4038771,2083.278573904049,> 1500 m
5446053878,10.8943206,48.4042333,2077.958872874653,> 1500 m
5446053879,10.894469,48.4042201,2089.011534203973,> 1500 m
5446053880,10.8943261,48.4044359,2100.493175882031,> 1500 m
5446053881,10.8944772,48.4044273,2111.688129147126,> 1500 m
5446053882,10.8943462,48.4045531,2113.609434995756,> 1500 m
5446053885,10.8944973,48.4045626,2125.237742992918,> 1500 m
5446053886,10.8943798,48.4047494,2135.5775079660293,> 1500 m
5446053887,10.8946529,48.4047255,2155.9117398429694,> 1500 m
5446053888,10.8944346,48.4050694,2171.389144306763,> 1500 m
5446053889,10.8945872,48.4050576,2182.729927646953,> 1500 m
5446053890,10.8944639,48.40524,2190.481927556718,> 1500 m
5446053891,10.8946207,48.4052321,2202.0898340977155,> 1500 m
5446053892,10.8945414,48.4056926,2241.1329342099966,> 1500 m
5446053895,10.8948782,48.40572,2268.163138833996,> 1500 m
5446053898,10.8956708,48.4060626,2137.221841769933,> 1500 m
5446053899,10.89564,48.4059203,2153.2074065463958,> 1500 m
5446053900,10.8955112,48.4059248,2164.2058202211265,> 1500 m
5446053901,10.8955309,48.4060734,2147.6183650433527,> 1500 m
5446053902,10.8953945,48.4059364,2188.163446937352,> 1500 m
5446053906,10.8952943,48.4060917,2165.201492846132,> 1500 m
5446053914,10.8962563,48.4055726,2037.7660598878888,> 1500 m
5446053915,10.8959886,48.4055927,2057.652924523073,> 1500 m
5446054039,10.8959517,48.4038759,1923.8103067385869,> 1500 m
5446054041,10.8956185,48.4039024,1948.5829410810672,> 1500 m
5446054055,10.8958205,48.4030997,1836.9585482224045,> 1500 m
5446054058,10.8955166,48.4030473,1861.6066234137425,> 1500 m
5446054064,10.8959026,48.4015386,1780.091162071098,> 1500 m
5446054065,10.896116,48.4015715,1796.2641918690797,> 1500 m
5446054066,10.8959126,48.4014943,1775.1102091400753,> 1500 m
5446054067,10.8961579,48.4015318,1793.6929038633832,> 1500 m
5446054068,10.8959767,48.4012853,1751.3873967599984,> 1500 m
5446054069,10.8961699,48.401316,1766.0529201738484,> 1500 m
5446054070,10.895994,48.401232,1745.324653798001,> 1500 m
5446054071,10.8962456,48.4011982,1764.2750985099376,> 1500 m
5446054072,10.8962469,48.4008722,1710.2297105428263,> 1500 m
5446054074,10.8964589,48.4010571,1737.682678839015,> 1500 m
5446054081,10.8992388,48.4016126,1570.833846896976,> 1500 m
5446054082,10.8993379,48.4013227,1603.8890527322997,> 1500 m
5446054246,10.8957892,48.402244,1859.009787091796,> 1500 m
5446054247,10.8956296,48.4022412,1870.79590347693,> 1500 m
5446054249,10.895785,48.4023167,1867.1022974944813,> 1500 m
5446054252,10.8954043,48.4023816,1897.3697865637284,> 1500 m
5446054254,10.8933863,48.4022533,2025.6787406114004,> 1500 m
5446054255,10.8934698,48.4022692,2019.2660605209596,> 1500 m
5446054257,10.8934203,48.4021811,2017.2514540589264,> 1500 m
5446054258,10.8935018,48.4021976,2010.9614197308872,> 1500 m
5446054260,10.8935321,48.4019368,1989.3405445493263,> 1500 m
5446054262,10.8936554,48.4017192,1964.729710372121,> 1500 m
5446054263,10.8937452,48.4017451,1957.501875321368,> 1500 m
5446054266,10.8936101,48.4015918,1960.5961088377792,> 1500 m
5446054269,10.893717,48.4014319,1941.1433310937643,> 1500 m
5446054271,10.8939152,48.4014908,1926.5619136913415,> 1500 m
5446054272,10.8939596,48.4014996,1929.982605024139,> 1500 m
5446054273,10.8941737,48.4009671,1888.8812728919384,> 1500 m
5446054274,10.8940623,48.4009279,1879.5735588210764,> 1500 m
5446054276,10.8944962,48.4004988,1830.5272346007264,> 1500 m
5446054277,10.894396,48.400459,1821.907222464232,> 1500 m
5446054279,10.8945564,48.4004141,1821.327218043661,> 1500 m
5446054280,10.8944488,48.4003841,1812.711662826676,> 1500 m
5446054282,10.894753,48.4001366,1770.7174416353164,> 1500 m
5446054283,10.8948351,48.4001626,1764.0021958134068,> 1500 m
5446054286,10.894777,48.4002498,1774.6047447873898,> 1500 m
5446054288,10.894937,48.3998855,1739.290945762249,> 1500 m
5446054289,10.8950192,48.3999089,1732.6881917061064,> 1500 m
5446054291,10.8947122,48.4001988,1794.8945546625664,> 1500 m
5446054292,10.8946019,48.4001663,1785.985753443137,> 1500 m
5446054294,10.8949712,48.399837,1750.043369117302,> 1500 m
5446054295,10.8948605,48.3997978,1740.7811232288427,> 1500 m
5446054298,10.8972016,48.396688,1586.3201321686902,> 1500 m
5446054300,10.8973153,48.3965197,1565.648256242991,> 1500 m
5446054305,10.8976789,48.3960018,1501.7868561067878,> 1500 m
5456608944,10.9317485,48.3907618,1543.039177680629,> 1500 m
5456608945,10.9324604,48.39091,1598.1274346985424,> 1500 m
5456608947,10.9330417,48.3911193,1747.0186245343257,> 1500 m
5456992954,10.9113482,48.4214297,2801.211950998424,> 1500 m
5456992955,10.9117332,48.4214989,2830.646276942556,> 1500 m
5469573340,10.8897022,48.3258202,1635.4565457430351,> 1500 m
5469573343,10.889701,48.325775,1630.429744978268,> 1500 m
5475470220,10.9401488,48.371275,1577.6907242948605,> 1500 m
5518841525,10.8811187,48.3047398,2075.400637760999,> 1500 m
5518841530,10.8840573,48.3058429,1521.8022136561071,> 1500 m
5518841533,10.8843857,48.3060072,1557.7512714202137,> 1500 m
5538302952,10.9262369,48.3230497,2213.184545329547,> 1500 m
5538302954,10.9267187,48.322981,2249.818910352129,> 1500 m
5538683555,10.9219642,48.3167073,1663.136370116304,> 1500 m
5538683563,10.9225037,48.3177138,1543.3808676713352,> 1500 m
5540792637,10.8320609,48.3341925,3086.2402864095397,> 1500 m
5548440162,10.9265129,48.422833,3978.778607329713,> 1500 m
5561478119,10.8551938,48.3399987,1510.303219170297,> 1500 m
5615141053,10.7987306,48.3391513,5509.702168233047,> 1500 m
5615951823,10.8122286,48.3320858,4701.491662507528,> 1500 m
5622792481,10.8530731,48.3305479,1901.4952502749336,> 1500 m
5622792493,10.8535647,48.3314411,2018.6908428268064,> 1500 m
5756864520,10.8199592,48.3364925,3934.2086125113774,> 1500 m
5756866122,10.8257245,48.3368876,3579.215123270545,> 1500 m
5756866123,10.818301,48.335535,3954.31641305186,> 1500 m
5767834327,10.9563538,48.3811717,2021.1055932534323,> 1500 m
5767834328,10.9567481,48.381239,2051.17186750774,> 1500 m
5767834330,10.9559508,48.3810066,2064.1796521948017,> 1500 m
5767834331,10.9547704,48.3802994,1939.2619044258608,> 1500 m
5767834332,10.9551709,48.3803685,1969.822066692792,> 1500 m
5767834333,10.9546762,48.3805471,1910.853813373692,> 1500 m
5767834334,10.9549288,48.3805915,1930.151444045366,> 1500 m
5767834335,10.9554254,48.3806656,2136.251759758657,> 1500 m
5767834336,10.9554452,48.3806146,2142.108207521777,> 1500 m
5767834337,10.9553158,48.3806454,2144.6519603519746,> 1500 m
5767834338,10.9553406,48.3805746,2152.7348220025733,> 1500 m
5767834339,10.9554684,48.3803554,2171.334748036764,> 1500 m
5767834340,10.9554975,48.3802797,2180.0222449657804,> 1500 m
5767834341,10.9554147,48.3803276,2176.6149220091515,> 1500 m
5767834342,10.9554452,48.3802628,2184.164249369332,> 1500 m
5767834343,10.9556303,48.3800534,2197.4409250718,> 1500 m
5767834344,10.9556557,48.3799858,2205.188253438629,> 1500 m
5767834345,10.9555767,48.3800348,2201.9925709490008,> 1500 m
5767834346,10.9556088,48.3799742,2209.135866168136,> 1500 m
5767834347,10.9554574,48.3796443,2048.4651078914667,> 1500 m
5767834348,10.9554787,48.379593,2054.3823539439272,> 1500 m
5767834349,10.9555381,48.3796594,2054.657185975665,> 1500 m
5767834350,10.9555618,48.3796072,2060.719745586708,> 1500 m
5767834351,10.9556162,48.379674,2060.649358421754,> 1500 m
5767834352,10.9556369,48.3796241,2066.4047526597565,> 1500 m
5767835753,10.9556911,48.379688,2066.395957423046,> 1500 m
5767835754,10.9557107,48.379642,2071.711817885453,> 1500 m
5767835755,10.9557666,48.3797021,2072.188223288014,> 1500 m
5767835756,10.9557925,48.3796473,2078.574895672578,> 1500 m
5767835757,10.9553764,48.3796289,2042.2426014877385,> 1500 m
5767835758,10.9554025,48.3795677,2049.315480209796,> 1500 m
5767835759,10.9553358,48.3791391,2074.913581082568,> 1500 m
5767835760,10.9556216,48.379195,2096.9176825571512,> 1500 m
5794271638,10.8938472,48.4332539,4860.817235953321,> 1500 m
5794274172,10.8980194,48.4358282,5135.659553136678,> 1500 m
5794274198,10.8951193,48.4333512,4955.290510074659,> 1500 m
5866159145,10.8876471,48.3275965,1529.34966174967,> 1500 m
5866159155,10.8879961,48.3274165,1510.2751302122635,> 1500 m
5869285236,10.9499595,48.3191851,3300.2409296513943,> 1500 m
5966247876,10.8483189,48.3261186,2446.080700845795,> 1500 m
5966247879,10.8460754,48.3267837,2535.0806905166028,> 1500 m
5971644621,10.8772394,48.3310251,1599.9456374334716,> 1500 m
5971644622,10.8773071,48.3310051,1605.422246979498,> 1500 m
5971644659,10.8759553,48.3314724,1506.127051508337,> 1500 m
5971644661,10.8759065,48.3314936,1501.817611142707,> 1500 m
5971644663,10.8760355,48.3314374,1513.219059926888,> 1500 m
5971644667,10.8761141,48.3314032,1520.163383145799,> 1500 m
5971644669,10.876445,48.331259,1549.4119344010385,> 1500 m
5971644671,10.8761835,48.3313729,1526.301170250821,> 1500 m
5971644673,10.8762807,48.3313306,1534.8892330524095,> 1500 m
5971644675,10.8763422,48.3313038,1540.3252409959457,> 1500 m
5972373499,10.8481816,48.3313009,2007.4411201619096,> 1500 m
5972373500,10.8480526,48.3313273,2017.4190382524484,> 1500 m
5972373501,10.8475079,48.3316758,2001.4169617292305,> 1500 m
5972373502,10.8475721,48.3316016,2010.9352443223888,> 1500 m
5972373503,10.8471463,48.3315093,2033.9334229244416,> 1500 m
5972373504,10.8472596,48.3313948,2049.1732264391767,> 1500 m
5972373505,10.8468642,48.3313793,2059.3077049612543,> 1500 m
5972373506,10.846978,48.331261,2074.9221376729947,> 1500 m
5972373507,10.8465546,48.3312357,2087.214465161132,> 1500 m
5972373508,10.8466661,48.331131,2101.479121739173,> 1500 m
5972373509,10.8484492,48.331938,1933.8872064673697,> 1500 m
5972373510,10.8483553,48.3319538,1941.0475562454767,> 1500 m
5972373511,10.8483773,48.3317726,1953.0315061264691,> 1500 m
5972373512,10.8482936,48.3317897,1959.5045386318343,> 1500 m
5972373513,10.8482448,48.3314504,1990.1733957459371,> 1500 m
5972373514,10.8479561,48.3315108,2012.5472845185868,> 1500 m
5972490766,10.8497292,48.3407747,1864.351882656502,> 1500 m
5972490767,10.8495757,48.3408368,1877.6334256965556,> 1500 m
5972490770,10.8491456,48.3407233,1877.7787210036995,> 1500 m
5972490771,10.8491671,48.3407821,1884.507331658923,> 1500 m
5972490772,10.8488922,48.3407672,1897.1398487102065,> 1500 m
5972490773,10.8489454,48.3409473,1917.5484562024249,> 1500 m
5972490780,10.8514672,48.3422906,1834.0467051291516,> 1500 m
5972490781,10.8514235,48.3421473,1850.30500451334,> 1500 m
5972490784,10.8516832,48.3418167,1777.9336176815607,> 1500 m
5972492185,10.8515299,48.3418485,1789.8029202609362,> 1500 m
5972492186,10.8517211,48.3417208,1766.9082304050444,> 1500 m
5972492187,10.8514978,48.3417732,1784.412955639874,> 1500 m
5972492188,10.8499365,48.3409571,1886.2394447936208,> 1500 m
5972492189,10.8497236,48.3410279,1903.8345654804589,> 1500 m
5972492190,10.850658,48.340679,1792.6002100857013,> 1500 m
5972492191,10.8505313,48.3407531,1805.0735961900857,> 1500 m
5972492192,10.850879,48.3408147,1770.324344967759,> 1500 m
5972492193,10.850741,48.3409424,1787.8075796238322,> 1500 m
5972492201,10.8502038,48.3411775,1854.7598214269456,> 1500 m
6030076102,10.8905977,48.3257451,1573.0239087780867,> 1500 m
6033665519,10.8469919,48.3429019,2172.8582901628192,> 1500 m
6033665522,10.8472726,48.3423181,2103.738604718149,> 1500 m
6033665523,10.8473334,48.3423184,2099.244813398568,> 1500 m
6033665525,10.847193,48.3424881,2123.337636743143,> 1500 m
6033665526,10.847252,48.3424874,2118.976325317037,> 1500 m
6033665528,10.8476731,48.3412036,2026.357058396796,> 1500 m
6033665529,10.8477195,48.341207,2022.906829747942,> 1500 m
6033665531,10.8476196,48.3414125,2049.968896922712,> 1500 m
6033665534,10.8475903,48.3415323,2063.4142223873,> 1500 m
6033665535,10.847639,48.3415345,2059.806495082087,> 1500 m
6033665537,10.8486334,48.3418892,1961.117772727242,> 1500 m
6033665538,10.8486588,48.3416003,1994.9199943250912,> 1500 m
6033665539,10.8476872,48.3411269,2018.2571736024129,> 1500 m
6033665540,10.8477393,48.3411314,2014.374050402084,> 1500 m
6033665542,10.8502041,48.3404828,1795.0978814335056,> 1500 m
6033665543,10.8501335,48.3403529,1810.455791775513,> 1500 m
6033665550,10.8520439,48.3404704,1657.199202779918,> 1500 m
6033665551,10.8520193,48.3406157,1673.457835586123,> 1500 m
6033665554,10.8528426,48.3399311,1579.132264983957,> 1500 m
6033665555,10.8530336,48.3398474,1555.6288360390636,> 1500 m
6033665556,10.8518399,48.3404492,1672.4603533356335,> 1500 m
6033665557,10.851809,48.3405808,1687.2707799679029,> 1500 m
6033665558,10.8508739,48.340687,1789.0358264732945,> 1500 m
6033665559,10.8513387,48.3404067,1709.805139398757,> 1500 m
6033665560,10.8513164,48.3405551,1726.3886019054437,> 1500 m
6033665569,10.8476741,48.3426895,2120.0787274690138,> 1500 m
6033665570,10.847675,48.3427947,2131.7766393966035,> 1500 m
6033665575,10.8478094,48.3418371,2022.306722278288,> 1500 m
6033665576,10.8477813,48.3419671,2036.9105165020449,> 1500 m
6033668201,10.8489439,48.3435174,2144.520455243992,> 1500 m
6033668202,10.8489309,48.343269,2172.158019738998,> 1500 m
6048355519,10.9545646,48.3808383,1877.441161996788,> 1500 m
6048355522,10.9559729,48.3811268,1986.3266689475624,> 1500 m
6048355525,10.9546982,48.380863,1887.683068201154,> 1500 m
6048355526,10.9546431,48.3809657,1875.599453152256,> 1500 m
6049811248,10.8856273,48.41143,2684.95479712677,> 1500 m
6049811249,10.8852015,48.4114456,2710.819074051172,> 1500 m
6049882450,10.885617,48.4077223,2244.661415484486,> 1500 m
6049882454,10.8856326,48.4078954,2263.9436977458754,> 1500 m
6049882722,10.8864346,48.4095873,2455.52093613111,> 1500 m
6049882724,10.8861034,48.4091965,2389.01142664644,> 1500 m
6050512892,10.9341001,48.3685226,1664.9413381548866,> 1500 m
6050512896,10.9340807,48.3685416,1662.3884385038912,> 1500 m
6050538444,10.9401051,48.3909641,1576.7108050057825,> 1500 m
6050538445,10.940064,48.3909957,1572.067928239651,> 1500 m
6050538450,10.9397112,48.3905973,1506.683559832724,> 1500 m
6050538451,10.9397021,48.3906037,1507.662303820208,> 1500 m
6050561834,10.8946107,48.4077172,2455.6173822571686,> 1500 m
6050561835,10.8940231,48.4077597,2466.1639597625594,> 1500 m
6050561836,10.894388,48.4077338,2439.0756698090568,> 1500 m
6050561839,10.8943913,48.4077601,2436.141112039287,> 1500 m
6051129484,10.8207577,48.314687,3339.834699487072,> 1500 m
6051129585,10.8209057,48.314413,3247.328802916224,> 1500 m
6051129586,10.8209163,48.3145132,3258.4980901288727,> 1500 m
6051129587,10.8197966,48.3141327,3354.9699366319915,> 1500 m
6051129590,10.8203235,48.3140886,3401.981453411087,> 1500 m
6051129593,10.8168701,48.3135306,3634.7541122203374,> 1500 m
6051129594,10.8166945,48.3135339,3647.7450446016487,> 1500 m
6051129608,10.8179924,48.3174713,3792.7532769526383,> 1500 m
6051129619,10.8208857,48.3181732,3717.114633410615,> 1500 m
6051129621,10.8212087,48.3182964,3750.8707245824376,> 1500 m
6051129622,10.8297016,48.3202114,3624.396470631265,> 1500 m
6051129623,10.8296201,48.3200961,3638.562904761017,> 1500 m
6051129624,10.8293388,48.3203558,3655.6604390087527,> 1500 m
6051129626,10.8294269,48.3202067,3679.007688214068,> 1500 m
6051129628,10.8252567,48.3202179,3817.9111843219966,> 1500 m
6051129629,10.8265583,48.3208371,3696.5684187632537,> 1500 m
6051129630,10.8265275,48.3207935,3701.924768784898,> 1500 m
6051129631,10.8259588,48.3215105,3774.2729851839895,> 1500 m
6051129632,10.8239158,48.3205889,3965.325322364633,> 1500 m
6051129633,10.8238211,48.3206026,3972.4912821292864,> 1500 m
6051129634,10.8231537,48.3195338,3794.818915908447,> 1500 m
6051129635,10.8231586,48.3194308,3806.2777390017,> 1500 m
6051129651,10.8183702,48.3217883,4334.538709947168,> 1500 m
6051129652,10.8184848,48.3217759,4343.123544003004,> 1500 m
6051129653,10.8190954,48.3204779,4131.330328628584,> 1500 m
6051129654,10.819087,48.3206437,4149.776932761565,> 1500 m
6051129657,10.8182306,48.3208906,4234.059938700524,> 1500 m
6051129659,10.8168808,48.3211557,4212.159047202308,> 1500 m
6051129660,10.8167882,48.321176,4219.36835218106,> 1500 m
6051129661,10.817111,48.3217199,4277.174444197187,> 1500 m
6051129662,10.8168903,48.3217281,4293.518204825083,> 1500 m
6051129663,10.8160945,48.3213789,4281.267446386846,> 1500 m
6051129672,10.8188343,48.3227077,4413.804076364476,> 1500 m
6051129673,10.8187154,48.3227334,4423.048047438694,> 1500 m
6051129674,10.8180791,48.3223244,4397.184755126092,> 1500 m
6051129675,10.8181086,48.3223974,4405.589938183681,> 1500 m
6051129678,10.8190852,48.3230915,4442.2468205185705,> 1500 m
6051129679,10.8191779,48.3230759,4449.316871038193,> 1500 m
6051129680,10.8189665,48.3229154,4438.884822028814,> 1500 m
6051129681,10.8190844,48.3228953,4447.883973020402,> 1500 m
6051129788,10.820301,48.3228873,4343.7966950548935,> 1500 m
6051129789,10.8200239,48.3229274,4364.764275897005,> 1500 m
6051129790,10.8198944,48.3227401,4344.525090708271,> 1500 m
6051129791,10.8194544,48.3222192,4294.826428694038,> 1500 m
6051129792,10.8194869,48.3224186,4317.128563355763,> 1500 m
6051129795,10.8202057,48.3226912,4320.874823253796,> 1500 m
6051129797,10.8204884,48.3225413,4365.122357294516,> 1500 m
6051129798,10.8201931,48.3221368,4239.319032133338,> 1500 m
6051129799,10.8202321,48.3222784,4255.326129166953,> 1500 m
6051129806,10.8215791,48.3244114,4301.773247654993,> 1500 m
6051129807,10.8215922,48.3245638,4318.747034216175,> 1500 m
6051129816,10.8379225,48.3277887,2899.1882791263906,> 1500 m
6051129817,10.8376449,48.327648,2905.945776080322,> 1500 m
6051129818,10.8376307,48.3278013,2923.024278587401,> 1500 m
6051129819,10.8369428,48.3275768,2958.482746342,> 1500 m
6051129820,10.8369364,48.327658,2967.524176121926,> 1500 m
6051129822,10.8354542,48.327167,3078.68193855219,> 1500 m
6051129823,10.835368,48.3272371,3088.7502890029864,> 1500 m
6051129838,10.8358397,48.3284734,3029.404210653021,> 1500 m
6051129839,10.8358158,48.3283773,3040.235152290381,> 1500 m
6051129840,10.8357359,48.3284838,3037.164694467412,> 1500 m
6051129841,10.8357149,48.3283973,3046.907559807781,> 1500 m
6051129864,10.8385575,48.3290311,2820.7355282391554,> 1500 m
6051129865,10.8384794,48.3290364,2826.5393245946293,> 1500 m
6051129872,10.8371759,48.3288208,2898.9504678467947,> 1500 m
6051129873,10.8371758,48.3288706,2904.487992360508,> 1500 m
6051129874,10.8369694,48.3288215,2914.2169166651133,> 1500 m
6051129875,10.8369676,48.328939,2927.283016650392,> 1500 m
6051130094,10.8383429,48.3298633,2849.3132538183145,> 1500 m
6051130108,10.8385578,48.3293129,2852.07095712428,> 1500 m
6051130110,10.8387879,48.3293253,2869.195413056485,> 1500 m
6051130111,10.8393299,48.3287853,2739.588541491129,> 1500 m
6051130112,10.8393431,48.3288403,2745.781638141838,> 1500 m
6051130113,10.8395977,48.3287728,2719.7417222087456,> 1500 m
6051130114,10.8395925,48.328999,2744.896987774295,> 1500 m
6051130135,10.8407764,48.3296956,2642.9708617313054,> 1500 m
6051130136,10.8406582,48.3296989,2651.7167701230687,> 1500 m
6051130152,10.8404347,48.3294252,2655.655187964044,> 1500 m
6052819039,10.8064192,48.3105082,4464.123096356123,> 1500 m
6053163505,10.815177,48.3013534,4703.998375673476,> 1500 m
6093745000,10.8771367,48.4051769,2073.9845889018525,> 1500 m
6093745016,10.8788166,48.4042901,1611.5650905730936,> 1500 m
6131491943,10.8346162,48.3846116,1630.5377152110248,> 1500 m
6131491948,10.8349035,48.3848958,1665.6301071407668,> 1500 m
6131491961,10.8352975,48.3838366,1524.259357311097,> 1500 m
6131491965,10.834378,48.384862,1663.4920785117552,> 1500 m
6137434792,10.8489345,48.3216423,1945.0865890599891,> 1500 m
6137434800,10.8476454,48.3219927,2048.552901438486,> 1500 m
6153833712,10.8232089,48.3125339,3173.9923789374234,> 1500 m
6225040146,10.947028,48.2867393,7497.051042301392,> 1500 m
6225040151,10.9468536,48.2859542,7571.827313203133,> 1500 m
6225040152,10.9470132,48.2859582,7583.644601029157,> 1500 m
6306370872,10.8409824,48.3239219,2555.7407372866373,> 1500 m
6308689585,10.797624,48.2953572,6453.319561087487,> 1500 m
6358916555,10.9374025,48.3960336,2189.8455697875265,> 1500 m
6358916557,10.9380147,48.3971709,2145.547913496666,> 1500 m
6378787673,10.8870598,48.4021485,1569.1883837257994,> 1500 m
6431447947,10.8145032,48.3311589,4456.531842828113,> 1500 m
6481128060,10.852547,48.3429645,1958.2921013888783,> 1500 m
6537589826,10.9213323,48.3194057,1504.540713326039,> 1500 m
6548823313,10.8207487,48.3198938,3934.147900997041,> 1500 m
6548823314,10.8217186,48.3198989,4005.866014051755,> 1500 m
6564848339,10.8334054,48.3413253,3594.146136935168,> 1500 m
6564848341,10.8329078,48.3413806,3632.504321544297,> 1500 m
6575031558,10.8320533,48.385709,1952.0577086538688,> 1500 m
6575031562,10.8312456,48.3856271,1989.68876277908,> 1500 m
6578754009,10.8184896,48.3120616,3605.0099509391375,> 1500 m
6578754011,10.8180067,48.3121378,3642.262016580437,> 1500 m
6596852402,10.9413184,48.3916039,1677.6850102908415,> 1500 m
6596852405,10.941682,48.3919309,1730.34388987288,> 1500 m
6596852406,10.9417622,48.3918706,1721.8814524381603,> 1500 m
6596852407,10.9412402,48.391661,1686.0173521561833,> 1500 m
6694396718,10.8971809,48.3841975,1677.935651125542,> 1500 m
6694396720,10.897196,48.3843231,1662.7529518305084,> 1500 m
6772135913,10.9408453,48.3913258,1631.03158648262,> 1500 m
6772135914,10.9407706,48.3913909,1640.1323034718073,> 1500 m
6772135917,10.9398994,48.3920692,1739.2723050422887,> 1500 m
6772135918,10.9423285,48.3922158,1778.642081311125,> 1500 m
6772135919,10.9422305,48.392273,1785.9070638048722,> 1500 m
6772135920,10.941462,48.3928019,1867.6292840289543,> 1500 m
6772135921,10.9429096,48.393217,1922.832367198496,> 1500 m
6772135922,10.9428096,48.3931893,1917.9184015655744,> 1500 m
6772135923,10.9426786,48.3931416,1928.9676722946024,> 1500 m
6772135924,10.9426,48.3930889,1937.2150646894477,> 1500 m
6780854736,10.8449495,48.3052343,2183.267958135348,> 1500 m
6780854738,10.8442204,48.3053457,2174.0352997351647,> 1500 m
6780893251,10.8402429,48.2961024,3061.033043131435,> 1500 m
6780893269,10.8370312,48.2974121,3366.953371122492,> 1500 m
6788426310,10.9335432,48.3943331,1907.1509785982755,> 1500 m
6788426311,10.9344,48.3945199,1973.7342496473132,> 1500 m
6790482389,10.8462739,48.306539,2038.994009186564,> 1500 m
6790482398,10.8469398,48.3072635,2011.3425651612877,> 1500 m
6790500929,10.8499599,48.3107256,1602.8909994641372,> 1500 m
6791891583,10.9441516,48.3932879,1958.6588549173985,> 1500 m
6791891584,10.9440894,48.3933528,1965.9870764756345,> 1500 m
6791964190,10.9449525,48.3936957,2033.177734096465,> 1500 m
6791964191,10.9448939,48.3937752,2041.713081534405,> 1500 m
6791964192,10.9448261,48.3938728,2053.66463005402,> 1500 m
6791964193,10.9448774,48.393799,2044.62647033858,> 1500 m
6791964195,10.9444312,48.3939083,2095.6141329033926,> 1500 m
6791964196,10.9447098,48.394529,2151.531117229452,> 1500 m
6791964197,10.9440185,48.3943241,2207.4264916301886,> 1500 m
6791964198,10.9454364,48.3941289,2104.710101358406,> 1500 m
6791964199,10.9444117,48.3948824,2196.6094082216014,> 1500 m
6791964200,10.9435245,48.3945992,2269.290227856627,> 1500 m
6791964203,10.9451229,48.3952879,2266.136941539668,> 1500 m
6791964204,10.9440956,48.3947815,2222.504723314065,> 1500 m
6791964206,10.943415,48.3948835,2291.5054404658163,> 1500 m
6791964207,10.9440627,48.3933852,1970.0938985952132,> 1500 m
6799618641,10.9443726,48.3935365,1997.9604477876333,> 1500 m
6799618642,10.9443966,48.3935141,1994.9036460104053,> 1500 m
6801441773,10.931826,48.3940687,1775.0156021251262,> 1500 m
6801441774,10.9334978,48.3944269,1896.1954714808544,> 1500 m
6817851622,10.9349477,48.3909751,1522.2807890222196,> 1500 m
6817851626,10.9354776,48.3946492,1935.5505874613648,> 1500 m
6817851627,10.9352922,48.3946074,1950.0068296292216,> 1500 m
6817851635,10.934698,48.3940534,1963.6662937452247,> 1500 m
6817851636,10.9356711,48.3942725,1891.293972464809,> 1500 m
6817851637,10.9354844,48.3942305,1905.848351552188,> 1500 m
6817851638,10.9356789,48.3938491,1861.825643280317,> 1500 m
6817851639,10.9363391,48.3929959,1741.003378447522,> 1500 m
6817851640,10.9371216,48.3931747,1802.104666882808,> 1500 m
6817851641,10.9361926,48.3932631,1772.625977303731,> 1500 m
6817851643,10.9373363,48.3935163,1861.6432675782785,> 1500 m
6817851644,10.9356271,48.3943581,1901.3514037855891,> 1500 m
6817851645,10.9362243,48.3944961,1948.0385246363664,> 1500 m
6880759506,10.9316969,48.3908903,1557.8270053398364,> 1500 m
6880759509,10.93074,48.3906386,1634.0842496330677,> 1500 m
6880810538,10.9365371,48.3926087,1695.5342703285746,> 1500 m
6880810539,10.9353217,48.3921192,1800.4915518014586,> 1500 m
6880810540,10.9362517,48.3931492,1759.2302021587907,> 1500 m
6880810543,10.9360498,48.3930897,1775.5681803857829,> 1500 m
6880810544,10.9357484,48.3933502,1812.0960412549096,> 1500 m
6880810545,10.9355684,48.393251,1828.7127878185872,> 1500 m
6880810561,10.9334632,48.3910946,1657.1664870682205,> 1500 m
6880810562,10.9342469,48.3913669,1520.0417554412418,> 1500 m
6880810563,10.9339009,48.3912273,1540.880955623892,> 1500 m
6880810564,10.9341788,48.3913394,1516.8720324006958,> 1500 m
6880810565,10.9332787,48.3905128,1574.7587449032872,> 1500 m
6880810568,10.933174,48.390256,1613.9237388870176,> 1500 m
6882614360,10.9497697,48.3827406,1578.8790879158682,> 1500 m
6882614361,10.9504847,48.3828437,1632.9122378546144,> 1500 m
6882720273,10.9385372,48.3974216,2181.9350516567297,> 1500 m
6884210876,10.8964456,48.404294,1870.368575995073,> 1500 m
6884216144,10.8905698,48.406361,2529.102033197959,> 1500 m
6884216147,10.8908481,48.4062266,2519.6291618224127,> 1500 m
6884216148,10.8908655,48.4063384,2507.130421789609,> 1500 m
6884542702,10.9306248,48.3983151,1551.1611517165306,> 1500 m
6884542703,10.9304925,48.3982849,1548.4243777454467,> 1500 m
6884542704,10.9303409,48.3982499,1560.2740162997422,> 1500 m
6924820777,10.9358753,48.3938933,1846.5143502376875,> 1500 m
6924820778,10.9358515,48.3935107,1901.5535056635852,> 1500 m
6926895504,10.928802,48.3938762,1623.8575232714204,> 1500 m
6926895508,10.9320102,48.3956138,1680.2219984628166,> 1500 m
6926895509,10.9321589,48.3956463,1691.7802520270138,> 1500 m
6926895510,10.9323097,48.3953418,1727.422752477075,> 1500 m
6926895511,10.9329834,48.395489,1779.7728052505604,> 1500 m
6926895513,10.9315928,48.3951851,1757.431848110359,> 1500 m
6926895514,10.9317469,48.3947833,1717.537938221689,> 1500 m
6926895515,10.9314915,48.3947273,1697.6794758515396,> 1500 m
6926895516,10.9316876,48.3947703,1712.9271886095823,> 1500 m
6926895517,10.9320175,48.3941097,1789.8716197352896,> 1500 m
6926895518,10.9332281,48.3949839,1831.137463597782,> 1500 m
6926895523,10.9332844,48.3943812,1888.1625914043047,> 1500 m
6926895526,10.933173,48.3932779,1769.4554037593834,> 1500 m
6926895529,10.9324469,48.3936985,1838.507356536468,> 1500 m
6926895530,10.9321551,48.3936353,1815.8452856119484,> 1500 m
6926895531,10.9335062,48.3939249,1862.0435404263656,> 1500 m
6926895532,10.9337188,48.3939704,1866.5854089346108,> 1500 m
6926895533,10.9354224,48.3971922,2001.8938103912812,> 1500 m
6926895538,10.934275,48.3969618,1912.6214781899528,> 1500 m
6928852623,10.9332932,48.3931703,1754.5585306978996,> 1500 m
6928852626,10.9326654,48.3957521,1730.9828000890734,> 1500 m
6936431954,10.935267,48.3950591,1983.7087658941164,> 1500 m
6936431955,10.9362284,48.395278,2058.748542485313,> 1500 m
6936431957,10.9351683,48.3977131,1949.013344954508,> 1500 m
6936431958,10.934405,48.3979329,1864.2068672379412,> 1500 m
6936431959,10.9345941,48.3975947,1904.3208752544635,> 1500 m
6937101857,10.9145212,48.347991,1838.7594460022729,> 1500 m
6937101858,10.9126609,48.3481635,1954.6340361644811,> 1500 m
6937101862,10.9129615,48.3482738,1928.855964885695,> 1500 m
6937101863,10.9133427,48.348368,1898.7796829226197,> 1500 m
6937101864,10.9134558,48.348483,1903.911274426372,> 1500 m
6937101865,10.9137426,48.3485471,1870.4040983628884,> 1500 m
6937101866,10.9161585,48.3464304,2094.175129175562,> 1500 m
6937101867,10.9162713,48.3464439,2113.177311010091,> 1500 m
6937101868,10.9166911,48.3464789,2146.411607013321,> 1500 m
6937101869,10.9155339,48.3470612,1919.7294740469629,> 1500 m
6944435655,10.9216347,48.3170971,1724.463321871999,> 1500 m
6944734346,10.9273166,48.4203602,3502.112161042518,> 1500 m
6944734347,10.9273731,48.4202478,3511.702926483482,> 1500 m
6944734350,10.9269202,48.4201466,3476.437175771509,> 1500 m
6944734351,10.9268615,48.4202589,3466.6890443101497,> 1500 m
6944734352,10.9273848,48.4202252,3514.360123350931,> 1500 m
6944734353,10.926932,48.4201273,3478.7531804528458,> 1500 m
6947892103,10.8540896,48.3222836,2148.406116257045,> 1500 m
7001243853,10.9395756,48.3977396,2266.360646536463,> 1500 m
7001518314,10.9366382,48.3924111,1672.3286859651423,> 1500 m
7001518315,10.9376583,48.3926644,1752.7429263814422,> 1500 m
7001530209,10.8956503,48.3874446,1787.7149488655552,> 1500 m
7001530213,10.8948916,48.3870799,1856.9400767374748,> 1500 m
7001546658,10.949897,48.3823816,1619.8904843051098,> 1500 m
7001546659,10.9503789,48.3824618,1656.5795137944674,> 1500 m
7001546660,10.9488992,48.3823058,1683.365258543893,> 1500 m
7001546661,10.9486589,48.3830713,1770.3153387320174,> 1500 m
7082459724,10.8884258,48.3936876,2623.842100582871,> 1500 m
7082494618,10.889658,48.4004614,3392.346905552492,> 1500 m
7082494619,10.8892689,48.4004185,3363.1592441669386,> 1500 m
7082494637,10.8970183,48.387245,1677.8882269805165,> 1500 m
7082494641,10.8954563,48.3883282,1836.561037203704,> 1500 m
7082494642,10.8954186,48.3883215,1833.6792188705988,> 1500 m
7083423320,10.8940267,48.3893969,1991.4767139740995,> 1500 m
7084533931,10.8941641,48.3894425,2002.818907762717,> 1500 m
7086958581,10.8323268,48.3808513,1892.5859800752771,> 1500 m
7110608013,10.8959937,48.3976288,1513.9391821419274,> 1500 m
7110608014,10.8959066,48.3977554,1529.41565963246,> 1500 m
7138441317,10.9423046,48.3941153,2032.2542599978449,> 1500 m
7138441318,10.9428329,48.3942705,2074.907721232699,> 1500 m
7143122601,10.8890708,48.39003,1527.7697696295386,> 1500 m
7143122603,10.8895765,48.3902323,1575.3466723090664,> 1500 m
7192086731,10.8792504,48.4044332,1603.5504271616612,> 1500 m
7192086737,10.8792246,48.4040767,1562.3429284311144,> 1500 m
7192086739,10.8791967,48.4042544,1582.2135077333096,> 1500 m
7202824256,10.930619,48.396386,1501.9411421812438,> 1500 m
7202824257,10.9303635,48.3963213,1505.4231648096948,> 1500 m
7208114555,10.8875443,48.3446722,1502.075676526602,> 1500 m
7216987741,10.8240478,48.313931,3006.4989841146485,> 1500 m
7229692996,10.9524407,48.3434576,1534.212327019044,> 1500 m
7229705541,10.8325724,48.3407775,3561.549978923896,> 1500 m
7238861442,10.8275505,48.3181453,3448.8156239536,> 1500 m
7238861444,10.827533,48.3183485,3421.491831059349,> 1500 m
7289128493,10.9286243,48.3670601,1699.4301417556255,> 1500 m
7289128496,10.9289485,48.3668901,1668.9191881173094,> 1500 m
7289128497,10.9280862,48.3667092,1742.547657469294,> 1500 m
7289128498,10.9288075,48.3669641,1682.1933401427225,> 1500 m
7289128499,10.9283528,48.366532,1718.1350826738235,> 1500 m
7289128500,10.9290973,48.3668122,1654.9240425503804,> 1500 m
7369728865,10.8618421,48.4048162,1937.0913156559168,> 1500 m
7369728866,10.8613115,48.404632,1968.5940595322452,> 1500 m
7369728867,10.861738,48.4047801,1933.063632652831,> 1500 m
7387169722,10.8130647,48.3108093,4099.410602712427,> 1500 m
7387169723,10.8129563,48.3108218,4107.546891196748,> 1500 m
7387169726,10.8125523,48.3093805,4268.907101351685,> 1500 m
7388489683,10.8249233,48.3094155,3174.933738283071,> 1500 m
7388520172,10.8232776,48.3086416,3765.9531757296886,> 1500 m
7405269109,10.9364689,48.3927419,1711.1780741748028,> 1500 m
7405269113,10.9369004,48.3928847,1747.4258891014676,> 1500 m
7409791417,10.8974073,48.4079129,2360.445765518553,> 1500 m
7409791419,10.8980889,48.4078053,2418.001492771369,> 1500 m
7415526133,10.9161681,48.3444115,1871.4422999989029,> 1500 m
7416435349,10.9332884,48.3948593,1845.6901183335187,> 1500 m
7416435358,10.9334045,48.3946196,1873.6880882879825,> 1500 m
7417860479,10.9135569,48.3435802,1768.753295111058,> 1500 m
7417860480,10.9135958,48.3433322,1740.82434483752,> 1500 m
7424789608,10.8613682,48.4053873,2009.6033723916596,> 1500 m
7424789610,10.8611776,48.4051174,2043.8117875445616,> 1500 m
7424789611,10.8612659,48.4053533,2005.7058609416736,> 1500 m
7434663711,10.9357096,48.3210348,2905.0648174692874,> 1500 m
7447217483,10.9138363,48.3449379,1680.1564674303963,> 1500 m
7447237085,10.9143524,48.3446821,1727.9370496912366,> 1500 m
7447352790,10.9225455,48.3364732,1865.2963048780468,> 1500 m
7447352795,10.9252062,48.3354412,2095.6997093215914,> 1500 m
7447352798,10.9252626,48.3356602,2089.8248808492262,> 1500 m
7460130622,10.8917119,48.4348697,4979.051135920017,> 1500 m
7470319263,10.8909757,48.4225687,3764.413182624068,> 1500 m
7503572999,10.8988688,48.3901672,1567.9239186757889,> 1500 m
7503573001,10.8992523,48.3901717,1569.98558869394,> 1500 m
7503708584,10.8997172,48.390192,1535.1991171108525,> 1500 m
7503712485,10.8997237,48.3896739,1506.371384439473,> 1500 m
7565047950,10.8227735,48.3109619,3390.0912930370387,> 1500 m
7565047951,10.8229801,48.311201,3359.4269576067195,> 1500 m
7565047952,10.8236385,48.3109898,3413.485982841052,> 1500 m
7569515276,10.9325655,48.4017009,1999.2629262494647,> 1500 m
7569515277,10.9326881,48.4017334,2003.0038884741425,> 1500 m
7569515279,10.9352077,48.4023344,2200.6538399827605,> 1500 m
7598172422,10.9335678,48.2951262,3010.3007108536776,> 1500 m
7598172459,10.9330574,48.2978503,2934.4462937077024,> 1500 m
7649895274,10.9292169,48.3950211,1600.5632670236482,> 1500 m
7649895275,10.9299403,48.3941742,1710.3474120347626,> 1500 m
7649895276,10.9293638,48.3947997,1627.465150586737,> 1500 m
7650251896,10.9424928,48.3957666,2264.687997678925,> 1500 m
7650251897,10.9423541,48.3959743,2289.951732887252,> 1500 m
7650251900,10.9413265,48.3963425,2406.590453024555,> 1500 m
7650251902,10.9431051,48.3962017,2350.8922712702474,> 1500 m
7676043096,10.9313421,48.3693614,1656.335715520678,> 1500 m
7676043097,10.9309706,48.3697634,1708.7877851138026,> 1500 m
7676236773,10.9273009,48.367623,1611.0347666315554,> 1500 m
7676236781,10.9283294,48.367252,1721.1179289375182,> 1500 m
7676236782,10.9272142,48.3677692,1628.5076466346345,> 1500 m
7676236784,10.9275903,48.3679233,1661.601551729132,> 1500 m
7676237085,10.9275143,48.3680191,1670.8114295943476,> 1500 m
7676237086,10.9287928,48.3672842,1740.642870732408,> 1500 m
7676237087,10.9288428,48.3669456,1678.8719043304334,> 1500 m
7676237088,10.9290734,48.3670578,1699.987053327388,> 1500 m
7676237089,10.9290164,48.3668546,1662.5362060925609,> 1500 m
7676237090,10.9291702,48.3669291,1676.5972865812078,> 1500 m
7676237091,10.9286543,48.3670444,1696.6089356628838,> 1500 m
7676237092,10.9289197,48.3671777,1721.1872251828363,> 1500 m
7676258551,10.8920973,48.4249817,3835.394684828347,> 1500 m
7676435142,10.9438786,48.3931489,1933.2581397957529,> 1500 m
7676435143,10.9438316,48.3932201,1941.9023856290237,> 1500 m
7676435144,10.9437565,48.3934227,1965.1028922503128,> 1500 m
7676435150,10.9448804,48.394331,2126.1659724664764,> 1500 m
7676435151,10.9435165,48.3939405,2235.830598625408,> 1500 m
7676435158,10.9411881,48.3943725,2202.157169384659,> 1500 m
7676788503,10.9288986,48.3901571,1519.8802289985751,> 1500 m
7677704632,10.9305652,48.4058487,2446.552464422647,> 1500 m
7677704635,10.9316978,48.4037456,2198.201106134092,> 1500 m
7678664165,10.9025853,48.4447266,6745.012451245485,> 1500 m
7678664168,10.9036666,48.4450927,6834.786832966592,> 1500 m
7697824443,10.9309222,48.3980789,1532.1267927340684,> 1500 m
7697824444,10.9309571,48.3980188,1539.28912657518,> 1500 m
7697824445,10.9311761,48.397462,1603.2789006022008,> 1500 m
7770221205,10.7706143,48.3108048,7331.663154175624,> 1500 m
7777568890,10.948369,48.3780688,1710.40756352545,> 1500 m
7777568891,10.9480232,48.3790244,1606.4532920006163,> 1500 m
7777568892,10.9477124,48.3779662,1760.2261158030117,> 1500 m
7777568898,10.9488312,48.3781389,1675.3921895403762,> 1500 m
7777568904,10.9490206,48.3776346,1733.1869871466538,> 1500 m
7777568908,10.9487927,48.3768141,1707.4725131362031,> 1500 m
7777568909,10.9484848,48.3776581,1759.416425170053,> 1500 m
7777568910,10.9489817,48.3777341,1721.7561243115572,> 1500 m
7777568911,10.9478512,48.3775621,1761.404495708014,> 1500 m
7777568916,10.9492892,48.3768949,1745.2280563047652,> 1500 m
7777568917,10.9485391,48.3790873,1567.2288517140207,> 1500 m
7777568918,10.9516213,48.3795875,1725.4464850230809,> 1500 m
7777568919,10.9490331,48.3791805,1529.0089559275912,> 1500 m
7777568921,10.9482005,48.376713,1662.1941205912958,> 1500 m
7777568922,10.9482369,48.3765076,1638.4752273186857,> 1500 m
7793275529,10.9337055,48.3919677,1597.8948464528426,> 1500 m
7793275530,10.9351118,48.3925755,1721.788477216991,> 1500 m
7796397164,10.9108524,48.351623,1527.8478187236717,> 1500 m
7796397175,10.9123921,48.351261,1565.1314886506807,> 1500 m
7796397178,10.9121795,48.3511888,1582.774253725789,> 1500 m
7796397183,10.9119907,48.3513412,1569.4497934564563,> 1500 m
7796431285,10.9120376,48.3513728,1564.3275687152664,> 1500 m
7796431291,10.9122527,48.3514124,1545.054466610679,> 1500 m
7878200096,10.9147844,48.2807966,2781.883825491093,> 1500 m
7878200097,10.9145906,48.2807245,2768.168554533067,> 1500 m
7878200101,10.9150733,48.2801471,2841.7023155884663,> 1500 m
7997865941,10.9400463,48.3714406,1559.80271980758,> 1500 m
7999714898,10.9363531,48.3966208,2014.574916139905,> 1500 m
7999714899,10.936258,48.3967552,1998.0631160937323,> 1500 m
8018347744,10.9201423,48.3388614,1749.1120260649843,> 1500 m
8025526173,10.8598252,48.4074226,2272.8491603782863,> 1500 m
8025526174,10.8597082,48.4073841,2263.2100295183504,> 1500 m
8071624148,10.8364382,48.386331,1645.1279133036603,> 1500 m
8121950251,10.8380952,48.3866089,1795.9554448743472,> 1500 m
8170880164,10.8472133,48.3051169,1873.160421875271,> 1500 m
8259180065,10.8499473,48.3240732,2114.093306154164,> 1500 m
8262424115,10.8918219,48.4238454,3760.740591661816,> 1500 m
8262429011,10.8916634,48.4238434,3772.438534879605,> 1500 m
8266798076,10.8945129,48.4124508,2462.5108075759126,> 1500 m
8281709922,10.8339375,48.3865166,1849.565126244241,> 1500 m
8281709924,10.8347835,48.3866144,1796.6488878386683,> 1500 m
8281709925,10.8347117,48.3865559,1788.256886416449,> 1500 m
8281709931,10.8316836,48.3862205,2083.2459064924738,> 1500 m
8281709932,10.8316664,48.386331,2095.598437194568,> 1500 m
8281709933,10.8316948,48.3861697,2077.536968840924,> 1500 m
8281709936,10.8323502,48.3861573,2024.452838573245,> 1500 m
8281709956,10.8319569,48.3861872,2058.0845189253564,> 1500 m
8308715501,10.9137083,48.342527,1694.383558271194,> 1500 m
8308715507,10.9136535,48.3434327,1728.863215458924,> 1500 m
8308715508,10.9136528,48.3435082,1737.2586036859914,> 1500 m
8308715509,10.9139055,48.3431532,1763.1969434091804,> 1500 m
8308715517,10.9143253,48.3424838,1724.2585541563506,> 1500 m
8318884326,10.8217038,48.3196865,3926.960207557256,> 1500 m
8318884327,10.8218579,48.3195284,3895.839766659824,> 1500 m
8318884330,10.8217868,48.3196958,3919.7666444908473,> 1500 m
8318884331,10.8217862,48.3196868,3920.768383149265,> 1500 m
8398505553,10.9358526,48.3939355,1851.4971223589216,> 1500 m
8398505556,10.9382702,48.3945207,2033.9456810792567,> 1500 m
8398505557,10.9382133,48.3945972,2041.050523880841,> 1500 m
8398505559,10.9377231,48.3954102,2138.5070929611925,> 1500 m
8398505562,10.9375463,48.3958353,2188.145995458819,> 1500 m
8398505563,10.9375589,48.3960333,2178.2983395730016,> 1500 m
8398505565,10.9372378,48.3968037,2088.1906529511207,> 1500 m
8398505567,10.9370777,48.3969925,2064.083734707435,> 1500 m
8398505569,10.9365574,48.3978785,2076.528751951482,> 1500 m
8398505570,10.9362398,48.3983775,2016.2914426152192,> 1500 m
8398505571,10.9375377,48.3987437,2117.87943417962,> 1500 m
8398505572,10.9363655,48.3984131,2023.9596244183956,> 1500 m
8398505573,10.9344414,48.3978678,1871.9284014529003,> 1500 m
8398505575,10.9339419,48.3976952,1914.226550286493,> 1500 m
8398505578,10.9371288,48.4022337,2275.5174310081084,> 1500 m
8398505579,10.9370005,48.4022026,2265.4344800269464,> 1500 m
8398505581,10.9339504,48.4011972,2017.6865612802187,> 1500 m
8398505584,10.9324513,48.400479,1917.04564749731,> 1500 m
8398505585,10.9326495,48.4001173,1901.0881720079096,> 1500 m
8398505589,10.9334791,48.3984922,1740.3856205296884,> 1500 m
8398505592,10.9353534,48.3982673,1934.1234317882413,> 1500 m
8398505593,10.9366957,48.3986473,2041.8544545226669,> 1500 m
8398505594,10.9373087,48.39881,2090.592647532207,> 1500 m
8398522553,10.9330331,48.3994168,1818.7025616446092,> 1500 m
8446635104,10.8926828,48.4419716,5996.338578624076,> 1500 m
8446635109,10.8926668,48.4425993,6036.351248203086,> 1500 m
8467251508,10.8685989,48.4013818,1962.776305602116,> 1500 m
8467251513,10.8685939,48.4020118,1982.442124747153,> 1500 m
8467256627,10.8689842,48.4048297,2108.6528563812303,> 1500 m
8467256629,10.8690874,48.4049392,2094.2648434555485,> 1500 m
8467256634,10.8694164,48.4043864,2001.6029690532037,> 1500 m
8481697670,10.9374015,48.3769245,1515.2733515024677,> 1500 m
8489053394,10.9461273,48.3231588,3731.354999295999,> 1500 m
8500695261,10.928873,48.3017447,2248.084895224778,> 1500 m
8500695265,10.9230089,48.3025846,1853.355583953512,> 1500 m
8500695269,10.9228428,48.3029611,1805.488128816056,> 1500 m
8520658610,10.9154016,48.3435445,1835.452316444412,> 1500 m
8520658611,10.9156936,48.3435571,1837.37217253554,> 1500 m
8520658612,10.9149967,48.3425058,1757.004391073213,> 1500 m
8520658614,10.9154092,48.3431335,1827.0263033298909,> 1500 m
8520677518,10.915105,48.3428334,1786.7634314280826,> 1500 m
8520677519,10.9148811,48.3429255,1793.476917590306,> 1500 m
8520677520,10.9148634,48.3430368,1805.921876740392,> 1500 m
8520677522,10.9147313,48.3426168,1757.0508954858185,> 1500 m
8520677524,10.9153193,48.3430413,1814.8093351576763,> 1500 m
8520677525,10.9150439,48.3431478,1824.631715404774,> 1500 m
8522540426,10.9235044,48.3447075,1675.1630539660405,> 1500 m
8522540428,10.9246571,48.3433628,1735.816689535787,> 1500 m
8568304924,10.9021572,48.2732567,3703.4759484138,> 1500 m
8581550081,10.9341554,48.4020902,2118.361786142023,> 1500 m
8581550085,10.9331414,48.4040703,2310.717525478832,> 1500 m
8581550098,10.9351496,48.4027944,2586.0225742366,> 1500 m
8581550099,10.9333134,48.4041282,2325.179269309749,> 1500 m
8581550106,10.9339982,48.4042922,2378.919344952468,> 1500 m
8600265098,10.8888951,48.3962082,2912.1587914094907,> 1500 m
8626877021,10.9480862,48.2981063,6094.304583932535,> 1500 m
8626877044,10.9549166,48.3043399,5236.710681531768,> 1500 m
8626877113,10.9408154,48.2723479,9211.645994658846,> 1500 m
8626877127,10.9408709,48.2689559,9765.112819278074,> 1500 m
8629450145,10.9296652,48.2821212,3711.301754625192,> 1500 m
8639865688,10.8626891,48.407855,2393.905183795819,> 1500 m
8650880003,10.8886733,48.327421,1515.781027844572,> 1500 m
8650979352,10.8886675,48.3273208,1504.6310322153747,> 1500 m
8651144177,10.8882301,48.3280375,1519.8607706315022,> 1500 m
8651847215,10.8886543,48.3272276,1515.0402606875036,> 1500 m
8656965305,10.8363755,48.3853951,1584.720636215542,> 1500 m
8687349889,10.8461262,48.3267719,2539.059014205774,> 1500 m
8687349891,10.8461457,48.3267673,2540.588736920194,> 1500 m
8692808420,10.9187226,48.343742,1907.5740512751356,> 1500 m
8692808425,10.9190791,48.3446236,1807.702642536528,> 1500 m
8761813804,10.9451698,48.2912816,6971.521054548145,> 1500 m
8763529415,10.9313467,48.404399,2275.340411624921,> 1500 m
8763544221,10.932527,48.4042817,2392.454618450895,> 1500 m
8763900551,10.9492978,48.3823742,1652.9615779095766,> 1500 m
8763900552,10.9491457,48.3827916,1700.714312160815,> 1500 m
8772758935,10.8373599,48.2931712,3426.41637870349,> 1500 m
8772758936,10.8373999,48.2931235,3432.49004347805,> 1500 m
8875761958,10.8983204,48.4190884,2868.197748300357,> 1500 m
8980762760,10.8205285,48.3147475,3321.599074317649,> 1500 m
8980762762,10.8206843,48.3149153,3343.528738150465,> 1500 m
9006342792,10.9303239,48.4125689,2757.371714177884,> 1500 m
9006342797,10.9316003,48.4120946,2881.4711866198954,> 1500 m
9032907874,10.8344664,48.3858702,1813.425899526228,> 1500 m
9032907876,10.8350662,48.3861534,1754.9875056108167,> 1500 m
9032907877,10.8348314,48.3861381,1772.409678385154,> 1500 m
9032907878,10.834862,48.3859758,1779.83458576397,> 1500 m
9032907879,10.8346869,48.385882,1797.090115116472,> 1500 m
9032907884,10.8340328,48.3854112,1876.992439516914,> 1500 m
9032907910,10.8327216,48.3851495,1931.8464982171377,> 1500 m
9032907911,10.8325452,48.385139,1918.7676699888543,> 1500 m
9032907914,10.8325203,48.3853176,1938.7120567435736,> 1500 m
9032907916,10.8327682,48.3851533,1816.415747492467,> 1500 m
9032907919,10.8332826,48.3850935,1774.8101548960765,> 1500 m
9032907920,10.8332728,48.3851674,1783.0592781697278,> 1500 m
9032907924,10.8328328,48.3856378,1858.3763180743024,> 1500 m
9032907926,10.8330026,48.3853641,1818.360299561296,> 1500 m
9032907927,10.832917,48.3853574,1824.725317117376,> 1500 m
9032907928,10.8327915,48.3856361,2014.041913352656,> 1500 m
9032907934,10.8322,48.3856966,1962.978321656757,> 1500 m
9032907936,10.8325159,48.3853476,2023.9555193142376,> 1500 m
9032907937,10.8324838,48.3855712,1998.97955337428,> 1500 m
9032907938,10.833328,48.3847945,1741.3942111528725,> 1500 m
9032907941,10.8326777,48.3856284,2005.594714030364,> 1500 m
9032907944,10.8335659,48.3853648,1838.271314139324,> 1500 m
9032907947,10.8337234,48.3853743,1838.1469281442744,> 1500 m
9032907986,10.8336541,48.3853245,1827.4804265634732,> 1500 m
9032907991,10.8336732,48.385194,1812.9010795801564,> 1500 m
9032907992,10.8339116,48.3851352,1821.491429395274,> 1500 m
9032908061,10.8334847,48.3865779,1889.923796965508,> 1500 m
9032908062,10.8331268,48.3865544,1916.481740291076,> 1500 m
9032908063,10.8334178,48.386386,1917.7034288668085,> 1500 m
9032908064,10.8333901,48.3865718,1896.9423688019851,> 1500 m
9032908073,10.8330797,48.3865507,2058.6516758999646,> 1500 m
9032908075,10.8329059,48.3863502,2064.25017479925,> 1500 m
9032908077,10.8327573,48.3866204,2046.234367859379,> 1500 m
9032908090,10.831223,48.3857688,2005.5334010209365,> 1500 m
9032908094,10.8323243,48.3868243,2001.9762897103408,> 1500 m
9032908097,10.8312869,48.3861981,2062.3674458020496,> 1500 m
9032931118,10.8336832,48.385119,1804.5288166911564,> 1500 m
9032931121,10.8328747,48.3865363,2043.428825408865,> 1500 m
9059388242,10.9033109,48.2885363,2113.5966983756293,> 1500 m
9171881861,10.9345647,48.3677894,1671.081005334882,> 1500 m
9171881864,10.9347876,48.3678556,1682.2915044250358,> 1500 m
9171881865,10.9344749,48.3677626,1667.776398859662,> 1500 m
9196359543,10.9394223,48.335909,1604.5540666500444,> 1500 m
9196359544,10.9392654,48.3358701,1592.175921482088,> 1500 m
9202181648,10.9495678,48.3843599,1522.8992156174354,> 1500 m
9214413004,10.9273273,48.3104072,1758.1681900781637,> 1500 m
9214413010,10.9277029,48.3113705,1785.4975253575146,> 1500 m
9214413011,10.932087,48.3095227,2255.765544277479,> 1500 m
9214413015,10.9296771,48.305634,1822.141070891548,> 1500 m
9214414918,10.9305864,48.3089199,2145.6230476715973,> 1500 m
9214414919,10.930119,48.3055631,1855.7623620944369,> 1500 m
9269832213,10.8788624,48.3306285,1696.574758326329,> 1500 m
9269832214,10.8801501,48.3305867,1755.177058953291,> 1500 m
9269832215,10.8794965,48.3306079,1743.5071469287811,> 1500 m
9269875918,10.8788979,48.3296179,1864.9573272928253,> 1500 m
9269875919,10.8796484,48.3295923,1874.8260133104925,> 1500 m
9373963992,10.8486992,48.3317098,1994.925332682949,> 1500 m
9373963995,10.8459859,48.3309931,2237.450232426336,> 1500 m
9377463573,10.8360231,48.3284552,3015.695415280164,> 1500 m
9377463579,10.8356383,48.3283919,3052.5209254718784,> 1500 m
9384143187,10.8366949,48.3797795,1527.1989773059545,> 1500 m
9384186429,10.8244959,48.3208906,3917.088410902139,> 1500 m
9384186517,10.8262277,48.3217584,3710.881033401928,> 1500 m
9384186522,10.8264886,48.3220264,3754.198822366776,> 1500 m
9385800823,10.8202791,48.3144771,3296.560543957738,> 1500 m
9385800825,10.8202003,48.3142387,3324.029696984492,> 1500 m
9386885466,10.8330336,48.3851706,1796.7226088273806,> 1500 m
9389150103,10.8231889,48.3231148,4049.663342510302,> 1500 m
9389150106,10.8231383,48.322922,4026.453502945134,> 1500 m
9391994681,10.8212587,48.3194113,3903.086639261049,> 1500 m
9391994682,10.8212598,48.3194841,3911.18204996807,> 1500 m
9394187124,10.8191546,48.3145217,3380.226279526269,> 1500 m
9394187128,10.8192644,48.3146185,3395.734681556966,> 1500 m
9397017853,10.8201553,48.3241704,4360.0667134573705,> 1500 m
9397017945,10.8173646,48.3223747,4352.361908444196,> 1500 m
9397018018,10.8202287,48.3227321,4325.73024393798,> 1500 m
9397018051,10.8211466,48.3230683,4251.586681483947,> 1500 m
9397369796,10.8207851,48.3168777,3681.824570213858,> 1500 m
9397369798,10.8207309,48.3171913,3630.6358340464194,> 1500 m
9397369799,10.8208515,48.3171192,3618.643858770595,> 1500 m
9397369802,10.8210886,48.3171266,3599.213660272754,> 1500 m
9397369813,10.819851,48.3169106,3646.4930719694767,> 1500 m
9397369814,10.8197583,48.3168442,3646.572957394501,> 1500 m
9397369816,10.8189782,48.3167392,3648.112940315768,> 1500 m
9397395018,10.8189409,48.3163908,3654.377025414573,> 1500 m
9397395032,10.8178644,48.3173611,3787.288945562857,> 1500 m
9397419293,10.8210059,48.3175586,3647.79495539752,> 1500 m
9397419295,10.820809,48.3175355,3662.79775003947,> 1500 m
9400438882,10.8185968,48.3209165,4261.449366396941,> 1500 m
9404792285,10.8278455,48.3182264,3394.358307902869,> 1500 m
9404792286,10.8280565,48.3180502,3419.404215304328,> 1500 m
9407103943,10.8351545,48.3861071,1752.1145980312392,> 1500 m
9407103955,10.8347375,48.3861855,1774.621515324632,> 1500 m
9407103956,10.8347464,48.3861315,1778.7292989431144,> 1500 m
9407103957,10.8347498,48.3861071,1781.4540513868592,> 1500 m
9409456598,10.8195683,48.3166925,3602.0338209698,> 1500 m
9458466058,10.8381856,48.3451961,4142.893886788765,> 1500 m
9458466059,10.8381336,48.3452149,4147.268711618167,> 1500 m
9458466060,10.8382281,48.3451819,4146.409388205497,> 1500 m
9484946035,10.8704406,48.3491068,1509.6611491543372,> 1500 m
9486072898,10.8625887,48.4078466,2394.287757682396,> 1500 m
9502279011,10.8359323,48.3426499,3818.9943761624218,> 1500 m
9502279012,10.835986,48.3426314,3814.524054777397,> 1500 m
9502288860,10.8333676,48.3402662,3488.1859269915662,> 1500 m
9502288864,10.8354291,48.3401116,3637.927463358226,> 1500 m
9502394969,10.8251251,48.333313,3470.132877831172,> 1500 m
9502394970,10.8253045,48.3336177,3437.390524667553,> 1500 m
9502394974,10.8256671,48.3338105,3401.604832815077,> 1500 m
9502394978,10.8222536,48.3242833,4249.814396282427,> 1500 m
9507017857,10.813047,48.3131161,3866.653571554247,> 1500 m
9569228600,10.9384626,48.283988,4168.304393098036,> 1500 m
9569228601,10.9409856,48.2839562,4355.023648312701,> 1500 m
9569228603,10.9302202,48.2824007,3726.903545629,> 1500 m
9569228605,10.9309561,48.2827929,3812.7939821907257,> 1500 m
9569228606,10.9248299,48.282152,3327.0409574923533,> 1500 m
9576352411,10.7967373,48.3355924,5633.1268844414335,> 1500 m
9576352415,10.7966698,48.3358161,5607.757060569307,> 1500 m
9659212386,10.9369892,48.3125466,2810.0298976139616,> 1500 m
9659212387,10.9370933,48.312703,2829.048553720426,> 1500 m
9659215827,10.9108097,48.2872938,1743.9542692018645,> 1500 m
9732057751,10.7678542,48.3086999,7392.186627903624,> 1500 m
9790975424,10.8403207,48.3279224,2696.325111839169,> 1500 m
9790975425,10.8403914,48.3278695,2692.1501331124327,> 1500 m
9865289580,10.9414219,48.2965757,3464.97217646586,> 1500 m
9909927336,10.9354742,48.3337003,2188.874077173892,> 1500 m
9909927341,10.9347636,48.3337228,2136.2302986905424,> 1500 m
9909927342,10.9347343,48.3332687,2188.495238595808,> 1500 m
9909927343,10.934784,48.3333021,2183.2711673163794,> 1500 m
9909939798,10.9243462,48.3121927,1697.5496513150886,> 1500 m
9909939803,10.9239879,48.3110494,1568.9810617365038,> 1500 m
9909974907,10.9301363,48.3313062,2499.6290925379403,> 1500 m
9931836049,10.9267423,48.4223529,3922.77423232626,> 1500 m
9931836097,10.9196211,48.4225618,3869.4812070011694,> 1500 m
9932043103,10.8373702,48.3850572,1720.7454252141383,> 1500 m
9932043105,10.8369868,48.385463,1537.772317275314,> 1500 m
9958544955,10.9231656,48.3258072,2066.094230784497,> 1500 m
9981388361,10.891106,48.4247258,3841.562701696952,> 1500 m
9981396149,10.9245478,48.4133217,2284.133671101125,> 1500 m
9985665308,10.8904297,48.4081402,2728.603841661233,> 1500 m
9985665311,10.8904214,48.4084259,2761.393303972701,> 1500 m
9985738817,10.8943757,48.4124765,2473.03266871072,> 1500 m
9985738819,10.8911659,48.4122764,2766.960036023043,> 1500 m
9985738830,10.8943891,48.4119206,2522.1738402827523,> 1500 m
9985738868,10.8900566,48.4121995,2858.975229174336,> 1500 m
9985738871,10.8911434,48.4123373,2773.9324696591857,> 1500 m
9985738872,10.8916914,48.4130811,2690.8883839080468,> 1500 m
9985738878,10.8911938,48.4122758,2764.8997259039797,> 1500 m
9985738890,10.8905379,48.4131842,2805.6260771028487,> 1500 m
9986588101,10.8969154,48.3872416,1670.2802961879067,> 1500 m
9986588107,10.8960186,48.388451,1891.30788781394,> 1500 m
9986627918,10.8976607,48.3885974,1791.2256402978512,> 1500 m
9986627921,10.8974635,48.3884898,1772.1168528774317,> 1500 m
9986627924,10.8981067,48.3885529,1825.7184728947925,> 1500 m
9986627929,10.8983675,48.3884028,1852.791359705621,> 1500 m
9986627934,10.8985291,48.3881281,1887.60098929167,> 1500 m
9986627936,10.8987906,48.3879005,1919.754410594965,> 1500 m
9986627938,10.8987819,48.3877758,1933.7239730369104,> 1500 m
9986627942,10.8989375,48.3876837,1950.606307437499,> 1500 m
9986627943,10.8986811,48.3880231,1903.9043159765824,> 1500 m
9986627950,10.8985734,48.3883133,1871.2336607743125,> 1500 m
9986627953,10.8984721,48.3884509,1862.373875951444,> 1500 m
9986627958,10.89856,48.388479,1869.818218846191,> 1500 m
9986627964,10.8985224,48.3884716,1866.922392757318,> 1500 m
9986627972,10.8982629,48.3888383,1843.5305116351408,> 1500 m
9986627974,10.8980416,48.3887498,1824.1695146611185,> 1500 m
9986627977,10.8976896,48.3891162,1853.8146066473164,> 1500 m
9986627985,10.8976477,48.3885887,1789.862793709687,> 1500 m
9986627995,10.8970519,48.3900219,1966.753861796143,> 1500 m
9986627996,10.8987026,48.3881009,1897.0160930618856,> 1500 m
9986627998,10.8987967,48.3881445,1906.4954645465564,> 1500 m
9986628011,10.8981053,48.3886237,1833.6742657582531,> 1500 m
9986661876,10.8985026,48.3879289,1921.2313332077747,> 1500 m
9986661882,10.8988714,48.3878875,1925.8935286511835,> 1500 m
9986661883,10.8989237,48.3879022,1930.0871819874076,> 1500 m
9986661884,10.8987868,48.3878853,1921.467710540172,> 1500 m
9986661886,10.89862,48.3878577,1934.2178286323665,> 1500 m
9986661887,10.8986338,48.3881989,1884.307533170496,> 1500 m
9986661888,10.8987239,48.3882509,1893.1705464468853,> 1500 m
9986661892,10.8985056,48.3883299,1865.8182721869343,> 1500 m
9986661894,10.8989854,48.3875803,1962.9902567409376,> 1500 m
9986661902,10.8993287,48.387379,2020.346620932712,> 1500 m
9986661905,10.8990592,48.3876782,1960.6913078368773,> 1500 m
9986661907,10.8990753,48.3876279,1971.8180202715848,> 1500 m
9986661908,10.8987725,48.3879208,1917.13112913756,> 1500 m
9986661910,10.8988835,48.3879494,1926.317537473346,> 1500 m
9986661914,10.898404,48.388071,1899.1250284651785,> 1500 m
9993465969,10.9458812,48.316884,3588.086601751725,> 1500 m
10003550776,10.9275048,48.322881,2318.3953014137437,> 1500 m
10003550777,10.9274735,48.3227118,2296.814519604433,> 1500 m
10003550789,10.9275283,48.3227018,2292.6129380941024,> 1500 m
10032213421,10.8343064,48.3852798,1753.1256232264243,> 1500 m
10039220033,10.9535675,48.3438592,1591.7997511515207,> 1500 m
10044631742,10.91583,48.3467211,2081.008148328532,> 1500 m
10044631748,10.9161502,48.3468912,1888.6026029623265,> 1500 m
10069575505,10.8991342,48.3933574,1512.361592690718,> 1500 m
10069575509,10.8985128,48.3932218,1569.0265801361677,> 1500 m
10097917082,10.9311777,48.3954482,1614.2378094395422,> 1500 m
10128455169,10.9295333,48.2694423,4655.715386793599,> 1500 m
10148207436,10.9288885,48.3957566,1516.318629452676,> 1500 m
10148207590,10.9288308,48.3958665,1506.8127265723558,> 1500 m
10150929047,10.929322,48.3954318,1543.258140269057,> 1500 m
10150929048,10.9293785,48.3954428,1538.9110099011566,> 1500 m
10150929049,10.928763,48.3948616,1573.3341131606592,> 1500 m
10150929050,10.9287163,48.3949177,1580.461653094181,> 1500 m
10150929183,10.9306868,48.3954886,1608.8012797128608,> 1500 m
10152475316,10.9294289,48.3964713,1517.3306619473165,> 1500 m
10152481218,10.9308669,48.3957066,1570.733423025213,> 1500 m
10152481227,10.9310505,48.3954208,1605.8247113776276,> 1500 m
10154120019,10.9296315,48.3945038,1667.1843957372826,> 1500 m
10156711748,10.9293051,48.3948882,1616.712286323433,> 1500 m
10156711749,10.9283223,48.3944886,1599.056159196379,> 1500 m
10156711758,10.9285032,48.3947664,1551.4252312635313,> 1500 m
10156711759,10.9286486,48.3946213,1570.8047625286829,> 1500 m
10162647770,10.933357,48.3042885,2199.025465698733,> 1500 m
10162647790,10.9330944,48.3036556,2272.212476075647,> 1500 m
10162647803,10.9340152,48.3030716,2367.700496712052,> 1500 m
10162750145,10.9250944,48.2818049,3379.020877908813,> 1500 m
10163857159,10.9331283,48.39519,1814.6989838075103,> 1500 m
10163857161,10.9329498,48.3951502,1828.601281653624,> 1500 m
10163857162,10.9330563,48.3953386,1797.3413342251783,> 1500 m
10163857163,10.9328711,48.3952979,1811.7446568710327,> 1500 m
10167186599,10.9274742,48.3946559,1507.8141091418647,> 1500 m
10180342192,10.9207222,48.413532,2012.4157673138743,> 1500 m
10183626990,10.9385829,48.2827229,4309.259457291418,> 1500 m
10183626999,10.9392392,48.2822608,4381.231135300787,> 1500 m
10184843165,10.8607744,48.3475754,1535.5481017709078,> 1500 m
10184976658,10.7931374,48.2988929,7390.356948929325,> 1500 m
10184976665,10.8067855,48.2973643,7198.50796861586,> 1500 m
10206775079,10.9268332,48.366462,1521.6160620909598,> 1500 m
10206775107,10.926478,48.3663309,1544.691059766743,> 1500 m
10206775108,10.9264967,48.3662987,1548.5287995575295,> 1500 m
10224146251,10.8371773,48.3853044,1512.928555781777,> 1500 m
10224146278,10.8367766,48.3852772,1542.673088212198,> 1500 m
10231705342,10.8357898,48.3850661,1694.1678488105872,> 1500 m
10314039892,10.9097792,48.4332316,4238.79333122248,> 1500 m
10314039894,10.912842,48.4338179,4473.973462101027,> 1500 m
10611940157,10.8764626,48.3285142,1720.4602358302927,> 1500 m
10611940158,10.8765637,48.3284227,1726.4650803131983,> 1500 m
10611940159,10.8766508,48.328463,1718.620053245657,> 1500 m
10648169302,10.9048188,48.2844942,2106.89559451066,> 1500 m
10670265662,10.9217191,48.2721389,3878.943883892237,> 1500 m
10670265664,10.9217554,48.2723288,3855.6906058068535,> 1500 m
10670732580,10.9154551,48.2756135,3115.6298168596086,> 1500 m
10670781895,10.9144873,48.2808318,2753.46901491051,> 1500 m
10671337888,10.9128168,48.3130928,1738.0869701164077,> 1500 m
10676698082,10.8359028,48.2937405,3579.065933117905,> 1500 m
10676698090,10.8349704,48.2942015,3665.71648585872,> 1500 m
10676716745,10.8406848,48.3045868,2502.962757906292,> 1500 m
10681451553,10.836276,48.2940617,3604.147823943661,> 1500 m
10681451587,10.8367619,48.2935013,3551.234102430639,> 1500 m
10681451593,10.8361115,48.2938265,3574.5088608344727,> 1500 m
10681451596,10.8369187,48.2945719,3678.223398527024,> 1500 m
10681451616,10.8372446,48.2931586,3435.081962148624,> 1500 m
10691283521,10.8400249,48.2977305,3370.769417736677,> 1500 m
10712629320,10.8861333,48.3258837,2640.893598463683,> 1500 m
10712629322,10.8815153,48.3263737,2148.9297308949645,> 1500 m
10720897788,10.8327747,48.3865291,2036.0010652471324,> 1500 m
10720922910,10.8338358,48.3865388,1853.607581263852,> 1500 m
10720922911,10.833932,48.3865457,1846.4623931270476,> 1500 m
10720922912,10.8342987,48.3865675,1819.2752089166468,> 1500 m
10720922915,10.8335657,48.3852513,1827.1899601608325,> 1500 m
10720922916,10.8337711,48.3852631,1827.8469713904065,> 1500 m
10720922917,10.833664,48.3852567,1819.9060352176527,> 1500 m
10720922918,10.8335747,48.3851868,1820.218918170052,> 1500 m
10720922919,10.8337817,48.3852017,1820.9590754770784,> 1500 m
10720922920,10.8326138,48.3860019,2022.109701916592,> 1500 m
10721750039,10.8686124,48.4042787,2083.212833397869,> 1500 m
10721750043,10.8692624,48.404394,2031.2522322184225,> 1500 m
10721750079,10.8689062,48.4044602,2064.7785082532914,> 1500 m
10721750084,10.8695645,48.4049559,2039.5021851310185,> 1500 m
10721750085,10.8696968,48.4049733,2044.27936768193,> 1500 m
10721750086,10.8694708,48.4049436,2046.5528722824768,> 1500 m
10721750087,10.8695808,48.4040271,1975.5978276106416,> 1500 m
10751586260,10.8767405,48.3315561,1508.7034833420992,> 1500 m
10751586263,10.8765996,48.3317133,1534.455112503233,> 1500 m
10751586275,10.8771945,48.3314488,1587.6241803316357,> 1500 m
10751586277,10.8773349,48.3312898,1561.6905482122602,> 1500 m
10751586284,10.8782518,48.331318,1582.58451333916,> 1500 m
10751586337,10.8761436,48.3314621,1510.5226165524605,> 1500 m
10751586368,10.8758899,48.3313799,1518.174174367953,> 1500 m
10751586381,10.875957,48.3313496,1524.576469082067,> 1500 m
10751823438,10.8757141,48.3314659,1501.5742689440274,> 1500 m
10751823439,10.8758146,48.3314132,1513.478203130229,> 1500 m
10751823440,10.8760354,48.3313146,1531.6048629960355,> 1500 m
10751823441,10.8761078,48.3312888,1537.1992070728056,> 1500 m
10751823442,10.8762027,48.3312453,1545.989349371334,> 1500 m
10751823443,10.8762617,48.331219,1551.4754203751354,> 1500 m
10751823444,10.8763559,48.3311773,1560.6331472017166,> 1500 m
10753732356,10.8795817,48.3326571,1523.68712299196,> 1500 m
10778032275,10.9239768,48.2708912,4112.6392990616605,> 1500 m
10795151191,10.9389625,48.399272,2296.904017727836,> 1500 m
10795151192,10.9391243,48.3993103,2309.585605531919,> 1500 m
10795151193,10.939682,48.3994591,2353.958693073152,> 1500 m
10833720475,10.9154881,48.3506252,1610.3338250402946,> 1500 m
10833720476,10.9156454,48.3509051,1634.5294778394764,> 1500 m
10833720477,10.9159031,48.3507806,1575.4977607758915,> 1500 m
10833720489,10.9157801,48.3505523,1574.3747732090353,> 1500 m
10833720491,10.9160403,48.3506183,1553.6730511354858,> 1500 m
10833774105,10.9159766,48.350719,1565.8688785415998,> 1500 m
10833774107,10.9161067,48.3507215,1579.712047789929,> 1500 m
10833774112,10.9160806,48.350758,1575.1172701783755,> 1500 m
10833774144,10.9158948,48.3503872,1568.5238711224847,> 1500 m
10876061525,10.9318549,48.3138553,2357.566224839758,> 1500 m
10876061549,10.921621,48.3158778,1758.8004088959522,> 1500 m
10876061564,10.9256588,48.3171574,1786.3550399978035,> 1500 m
10876061578,10.9268905,48.3204775,2082.0602480100097,> 1500 m
10883619696,10.8910895,48.307921,1758.8158837160408,> 1500 m
10883957190,10.8977687,48.3946975,1590.5123624702078,> 1500 m
10904649806,10.8535504,48.4059797,1524.3732851225884,> 1500 m
10916552025,10.9342363,48.3194162,2738.921169666622,> 1500 m
10916552030,10.9336561,48.3181013,2586.5415697529447,> 1500 m
10916552041,10.9326894,48.3158511,2326.2883583095618,> 1500 m
10916552043,10.9327072,48.3158831,2330.082253250467,> 1500 m
10916552044,10.9271648,48.3204197,2103.336156015516,> 1500 m
10916552080,10.9336339,48.3180494,2580.5416158022654,> 1500 m
10928250260,10.8467569,48.3435991,2248.085325889281,> 1500 m
10928887224,10.8473103,48.343557,2265.6135810219325,> 1500 m
10929357584,10.8477145,48.342558,2137.9651122030514,> 1500 m
10929766903,10.8487214,48.3418913,1954.6095352692755,> 1500 m
10929766904,10.8487215,48.3420038,1967.1189861959583,> 1500 m
10929766906,10.8487215,48.3419526,1961.4257979085544,> 1500 m
10929767042,10.8496985,48.3413417,1896.4516041072088,> 1500 m
10942353147,10.8472541,48.3103001,1617.8164323179308,> 1500 m
10942353148,10.8472877,48.3105433,1644.97300284816,> 1500 m
10981113030,10.7997419,48.3380971,5395.704840463472,> 1500 m
10981113032,10.7998941,48.3355445,5443.120388381455,> 1500 m
11005430883,10.8079983,48.3051079,4840.534868043588,> 1500 m
11005430885,10.8056205,48.3054495,4987.043234520852,> 1500 m
11049774247,10.8357405,48.3860854,1799.8490271590065,> 1500 m
11049774248,10.8356387,48.3859573,1699.5224867811787,> 1500 m
11055415946,10.8335052,48.3831286,1685.8139078041906,> 1500 m
11055415948,10.8344713,48.3829277,1609.3415620370731,> 1500 m
11055415949,10.8344317,48.3832024,1597.9245185728407,> 1500 m
11055415978,10.8358851,48.3826886,1618.3294702885162,> 1500 m
11055415984,10.8368857,48.3812759,1550.132794350551,> 1500 m
11074964766,10.8359095,48.3854761,1632.5066812845837,> 1500 m
11074964767,10.8359657,48.385479,1628.344004504864,> 1500 m
11074964768,10.8361362,48.3863076,1669.3649103742391,> 1500 m
11074964769,10.8363473,48.3863235,1651.8920467301084,> 1500 m
11133981195,10.9109379,48.2703689,3690.092144526777,> 1500 m
11133981198,10.9116647,48.2711675,3575.280869768146,> 1500 m
11143064442,10.9304337,48.3075719,2014.1813920986344,> 1500 m
11143064443,10.9298129,48.3076515,1984.643937647834,> 1500 m
11143064444,10.9303046,48.3072412,1976.1897668269528,> 1500 m
11143064445,10.9298393,48.3072873,1943.8421495000528,> 1500 m
11143064446,10.930155,48.306858,1932.166703696885,> 1500 m
11143064447,10.9297399,48.3069085,1900.9564410649052,> 1500 m
11205603926,10.911336,48.3516953,1551.8437532413143,> 1500 m
11205603944,10.9114806,48.3517267,1560.8931104160483,> 1500 m
11210253067,10.929285,48.401033,1739.0307790991544,> 1500 m
11210253082,10.9364535,48.4038916,2463.27337134615,> 1500 m
11210253124,10.9319925,48.4008509,1861.437315268249,> 1500 m
11210253125,10.9320369,48.4007597,1860.294879301581,> 1500 m
11210270166,10.9327785,48.4017555,2010.1155376802656,> 1500 m
11212621442,10.8991889,48.4033495,1559.938569953228,> 1500 m
11212621444,10.8980077,48.403231,1651.767025017674,> 1500 m
11212621445,10.8992103,48.4032921,1563.7815167204035,> 1500 m
11220666342,10.8907145,48.4071955,2653.1695729253915,> 1500 m
11220666343,10.8906582,48.4068864,2652.0474677737125,> 1500 m
11220666389,10.890402,48.40675,2584.9029579172907,> 1500 m
11220666392,10.8909203,48.406654,2628.2243933925947,> 1500 m
11220872220,10.8942495,48.4085175,2598.361846424167,> 1500 m
11221084508,10.8962488,48.4048081,1967.1709719350688,> 1500 m
11221084511,10.8962817,48.405055,1972.1503765582092,> 1500 m
11221097367,10.8972065,48.4089439,2445.786346736765,> 1500 m
11221097368,10.8973738,48.40893,2458.2315052414424,> 1500 m
11221097369,10.8981326,48.4088746,2515.105910299121,> 1500 m
11221097370,10.8982845,48.408864,2526.229866864649,> 1500 m
11221097371,10.8982996,48.4083837,2503.146675410881,> 1500 m
11221097372,10.8988965,48.408318,2510.5907477994,> 1500 m
11221097373,10.8988052,48.4078215,2454.972522331342,> 1500 m
11222515573,10.8928902,48.4061773,2356.6030000726787,> 1500 m
11222756345,10.8938573,48.4071744,2434.627428135567,> 1500 m
11222756357,10.8937941,48.4067996,2388.990960739808,> 1500 m
11222949922,10.8972391,48.4112677,2331.31856388823,> 1500 m
11222949925,10.896966,48.4097381,2502.5944918040277,> 1500 m
11222949927,10.8973431,48.4097065,2530.6068480622384,> 1500 m
11222949930,10.8975094,48.4096926,2542.978586425317,> 1500 m
11222949931,10.8982549,48.4096315,2595.5150972028387,> 1500 m
11222949932,10.8984054,48.4096175,2606.732254944033,> 1500 m
11222949936,10.8997738,48.4089146,2639.952221623809,> 1500 m
11222967638,10.8997229,48.4086087,2605.73078238624,> 1500 m
11222967640,10.8996608,48.4082555,2566.1900898006097,> 1500 m
11222967642,10.8996116,48.4079798,2535.3192498557178,> 1500 m
11222967709,10.8989335,48.4033194,1579.0871010677226,> 1500 m
11224544204,10.8909918,48.4062143,2530.324375443875,> 1500 m
11224552223,10.8914675,48.4036079,2303.6711300015404,> 1500 m
11224552227,10.8918991,48.4036172,2336.101600474783,> 1500 m
11224938353,10.8955916,48.397733,1553.4682595017223,> 1500 m
11224938354,10.89553,48.3977138,1593.3475311394632,> 1500 m
11224938360,10.8961012,48.3983841,1545.2630912954585,> 1500 m
11224938361,10.8960402,48.3983443,1551.577126594157,> 1500 m
11225240195,10.8975547,48.3961771,1522.45974955894,> 1500 m
11225250610,10.8990368,48.3926567,1688.4985904113587,> 1500 m
11225250639,10.8994979,48.3922102,1679.0432548302083,> 1500 m
11248741814,10.9536091,48.3436095,1620.5002451121748,> 1500 m
11297370517,10.9559099,48.338562,1674.0198810603526,> 1500 m
11323209265,10.8795133,48.4040684,1548.5983730661833,> 1500 m
11365098984,10.8950626,48.4150541,2684.173119754864,> 1500 m
11371675161,10.9276644,48.3899801,1624.8162092654438,> 1500 m
11371675162,10.9274045,48.3899334,1604.9350767915723,> 1500 m
11380507524,10.9161554,48.3510892,1514.6217488920156,> 1500 m
11380507526,10.9154272,48.3512199,1585.4823530425508,> 1500 m
11380507534,10.9142995,48.3508314,1612.3280025033662,> 1500 m
11382527907,10.8838907,48.4037931,1671.4687267592344,> 1500 m
11386412068,10.9124882,48.3516398,1576.2541349184282,> 1500 m
11386412072,10.9124725,48.3515566,1577.3655536560084,> 1500 m
11461257335,10.9350129,48.367769,1675.1581826538145,> 1500 m
11461257340,10.9354761,48.3675209,1708.9781437190793,> 1500 m
11461257341,10.9351059,48.3677893,1681.015779934966,> 1500 m
11461257350,10.935362,48.367642,1693.0910850498808,> 1500 m
11461257351,10.9363289,48.3684662,1812.4866224356945,> 1500 m
11461257353,10.9356358,48.3677243,1715.2912520107925,> 1500 m
11461257354,10.9355628,48.3677023,1709.369662625635,> 1500 m
11461257356,10.9356995,48.3675608,1728.0708078628825,> 1500 m
11461279078,10.9350724,48.3682534,1741.7711295604106,> 1500 m
11461279081,10.9344582,48.3679137,1686.984798964458,> 1500 m
11461279082,10.9348455,48.3680465,1713.0389919846643,> 1500 m
11462328850,10.9348159,48.3680782,1717.1870076599112,> 1500 m
11462328852,10.9350713,48.3678331,1686.5160755552674,> 1500 m
11462328853,10.9353635,48.3674903,1646.0625160068882,> 1500 m
11462328868,10.9351738,48.3677048,1671.9540789686346,> 1500 m
11462334569,10.9352701,48.3677412,1680.138801552909,> 1500 m
11462334570,10.9353189,48.3677596,1684.2838958271466,> 1500 m
11462334577,10.9354158,48.3676582,1697.45459075809,> 1500 m
11462334581,10.9358734,48.3676376,1743.498440482941,> 1500 m
11462334582,10.935258,48.3674629,1636.9382813013958,> 1500 m
11462334583,10.9350505,48.3677218,1669.220101847752,> 1500 m
11462334584,10.9349401,48.367682,1659.9412206023585,> 1500 m
11462334585,10.9351355,48.3677523,1676.356587832969,> 1500 m
11462334586,10.935357,48.367497,1645.1761752625466,> 1500 m
11462334587,10.9351446,48.3674239,1627.5052118839385,> 1500 m
11462334588,10.9342862,48.3683779,1683.5572157036224,> 1500 m
11462334589,10.9343295,48.3683346,1689.3376128055097,> 1500 m
11462334590,10.9342502,48.3684127,1678.86190651324,> 1500 m
11462334595,10.9342924,48.3684331,1682.7172268229926,> 1500 m
11462334596,10.9343281,48.368396,1687.2492295942795,> 1500 m
11462334597,10.9343717,48.3683508,1692.93801249698,> 1500 m
11462334598,10.9343978,48.3683237,1696.5995107592191,> 1500 m
11462334599,10.9343579,48.3683066,1693.0919463059151,> 1500 m
11462334600,10.9346879,48.3680807,1713.9852319162542,> 1500 m
11462334601,10.9346113,48.3680456,1707.1111930212064,> 1500 m
11462334605,10.9358682,48.3677176,1732.7403727302362,> 1500 m
11482128505,10.9148741,48.349312,1532.578347222841,> 1500 m
11482128509,10.9158224,48.3494811,1605.4005758655237,> 1500 m
11494123209,10.8466,48.344814,2389.147523545183,> 1500 m
11514395548,10.9205853,48.3284524,1746.9143204885604,> 1500 m
11516665125,10.931493,48.3290206,2851.108718702044,> 1500 m
11516665127,10.9315709,48.3285931,2890.283969674326,> 1500 m
11583715907,10.8763401,48.3284586,1714.603993492543,> 1500 m
11610332605,10.9360633,48.3336474,2285.734155722412,> 1500 m
11703327042,10.9447778,48.3935166,2004.2424595740983,> 1500 m
11703327043,10.944635,48.3936392,2017.3388622717528,> 1500 m
11703327049,10.9447119,48.3935732,2010.7919486625829,> 1500 m
11703327051,10.9456594,48.393925,2087.0674737426957,> 1500 m
11703327063,10.9424412,48.3934886,1971.347203952876,> 1500 m
11704901235,10.9257523,48.3678078,1528.4070915170705,> 1500 m
11704901238,10.9256596,48.3676796,1545.8163873125868,> 1500 m
11704901239,10.9258483,48.3678447,1534.3572291980463,> 1500 m
11724824659,10.8905778,48.3256702,1564.565995079053,> 1500 m
11728096160,10.9200985,48.4216586,2889.9325410374345,> 1500 m
11746960642,10.8869402,48.4015448,1505.882910323549,> 1500 m
11754909225,10.8595482,48.4070367,2297.4743319633267,> 1500 m
11754909227,10.8597435,48.4073414,2257.794012734173,> 1500 m
11757438488,10.9481403,48.3657733,1670.2564754541402,> 1500 m
11778492482,10.9563181,48.381225,2014.5036502374185,> 1500 m
11780214955,10.9555543,48.3812323,1953.9092303923487,> 1500 m
11780214956,10.9555612,48.3811721,1947.1959181216223,> 1500 m
11780214957,10.9555927,48.3811008,1955.4583909290773,> 1500 m
11783993978,10.9538164,48.3792109,1976.832557225625,> 1500 m
11783993981,10.9541694,48.3792738,2003.929117305348,> 1500 m
11783993982,10.9538518,48.3791197,1966.3599477718017,> 1500 m
11783993985,10.9542055,48.3791821,1993.3884566645304,> 1500 m
11786953690,10.9515639,48.3801096,1678.052483654875,> 1500 m
11786953692,10.9515059,48.3801009,1682.4439074154454,> 1500 m
11787276690,10.9484759,48.3808925,1520.6217151506953,> 1500 m
11787276691,10.9472634,48.3807162,1612.2894170149873,> 1500 m
11787648951,10.9475133,48.3775266,1579.244304310575,> 1500 m
11861972672,10.9132476,48.3510955,1634.897782650489,> 1500 m
11861972677,10.9132564,48.3512589,1655.4936509343438,> 1500 m
11862105287,10.9315021,48.2962915,2763.9172615961816,> 1500 m
11862105289,10.9321653,48.2977247,3003.247456917476,> 1500 m
11862146810,10.9134298,48.3508535,1670.2805276012357,> 1500 m
11862146812,10.9133807,48.3509846,1655.258100142804,> 1500 m
11862162053,10.9104494,48.3523503,1627.1660994237068,> 1500 m
11862162054,10.9104737,48.3524101,1634.0537478323229,> 1500 m
11862162057,10.9105434,48.3523315,1619.8717891801773,> 1500 m
11862162059,10.9106385,48.3523339,1617.288516847286,> 1500 m
11862162060,10.9106164,48.3523055,1613.7333093797472,> 1500 m
11862181277,10.9120477,48.3517608,1597.130211254354,> 1500 m
11888365897,10.8752513,48.331292,1508.093838139045,> 1500 m
11888365898,10.8752889,48.3313332,1502.735312829043,> 1500 m
11888365899,10.8753081,48.3312615,1514.005393818421,> 1500 m
11888365900,10.8753499,48.3313062,1508.1527380182883,> 1500 m
11888365901,10.8754796,48.3311853,1529.3111277422015,> 1500 m
11888365902,10.8755219,48.3312302,1523.4200346781693,> 1500 m
11888365903,10.8755404,48.3311594,1534.4349426471604,> 1500 m
11888365904,10.8755806,48.3312042,1528.6343150531998,> 1500 m
11922979302,10.9449047,48.2912616,6962.966380473401,> 1500 m
11922979303,10.9445849,48.2919133,6887.735240643047,> 1500 m
11952768207,10.9516445,48.3760432,2325.743187125633,> 1500 m
11997577623,10.8492044,48.3322909,1954.2850030039997,> 1500 m
11999831038,10.9343522,48.3941698,1924.64611490042,> 1500 m
11999831039,10.9336908,48.3940282,1873.336797876872,> 1500 m
12057789608,10.9252884,48.3683408,1506.0316419641183,> 1500 m
12057789610,10.9251697,48.3681256,1508.746979774636,> 1500 m
12064441092,10.8793786,48.4044408,1610.068564970136,> 1500 m
12064441093,10.8794953,48.4044466,1601.4297940209806,> 1500 m
12064441149,10.8793712,48.4051742,1682.8551526943747,> 1500 m
12064441150,10.8789548,48.4051589,1701.1633098825966,> 1500 m
12078544343,10.8473521,48.3423183,2100.626956518905,> 1500 m
12078544344,10.8472639,48.3424873,2119.855909846696,> 1500 m
12078544345,10.8471087,48.3429195,2172.5893179464774,> 1500 m
12078544346,10.8477234,48.3415407,2066.082490903324,> 1500 m
12078544347,10.8476782,48.3414159,2047.2742535542125,> 1500 m
12078544348,10.8477296,48.3412081,2023.663281301781,> 1500 m
12078544361,10.8478527,48.3411388,2022.7958202059187,> 1500 m
12103647190,10.8160799,48.3354875,4119.29080993897,> 1500 m
12130990516,10.8821248,48.3260851,2091.6974528525284,> 1500 m
12130994022,10.8790824,48.322727,1730.4171206391366,> 1500 m
12222633205,10.9125845,48.3511191,1588.6043920321508,> 1500 m
12222633227,10.9126027,48.3511421,1585.7148374228502,> 1500 m
12222633228,10.9124827,48.3511986,1574.7734087756046,> 1500 m
12311634515,10.9000465,48.3929232,1561.8280535538406,> 1500 m
12311634522,10.900571,48.3927721,1525.7670028723885,> 1500 m
12311634533,10.8974142,48.3961291,1515.0065607482609,> 1500 m
12311634535,10.897167,48.3964763,1557.5451255686817,> 1500 m
12311634536,10.8970548,48.3966441,1577.547998410478,> 1500 m
12311634537,10.8968125,48.3969928,1579.523403636231,> 1500 m
12311634539,10.896129,48.3984035,1548.2406453586514,> 1500 m
12311634540,10.8948391,48.3997914,1742.5138747936635,> 1500 m
12311634541,10.8950569,48.3999199,1735.7283228857611,> 1500 m
12311634542,10.8950113,48.3999852,1743.77000448631,> 1500 m
12311634543,10.8948865,48.4001776,1768.1471973627715,> 1500 m
12311634544,10.8945766,48.4001582,1788.059351259852,> 1500 m
12311634545,10.8946947,48.400223,1781.3720094723742,> 1500 m
12311634546,10.8948178,48.4002621,1777.9127800740278,> 1500 m
12311634547,10.8944242,48.400377,1814.6919324986368,> 1500 m
12311634548,10.8943739,48.4004465,1824.0505385710137,> 1500 m
12311634549,10.8940391,48.4009197,1881.5138620753391,> 1500 m
12311634551,10.8936934,48.401424,1943.094489829568,> 1500 m
12311634552,10.8938583,48.4016561,1949.11238732748,> 1500 m
12311634553,10.8935891,48.4015865,1962.25463030954,> 1500 m
12311634554,10.8937891,48.4017572,1961.0108895998312,> 1500 m
12311634555,10.8936638,48.4019645,1986.0709410213096,> 1500 m
12311634556,10.893546,48.4022064,2014.3679226014715,> 1500 m
12311634557,10.8935146,48.4022763,2022.6662130876196,> 1500 m
12311634558,10.8930155,48.4029705,2056.943374396012,> 1500 m
12311634559,10.8929075,48.4032246,2086.441875158748,> 1500 m
12311634560,10.8928797,48.4033059,2095.1668665939287,> 1500 m
12311634561,10.8929352,48.4036011,2128.638952628752,> 1500 m
12311634562,10.8927342,48.4036743,2137.796022452582,> 1500 m
12311634563,10.8928889,48.4037279,2144.324072409717,> 1500 m
12311634564,10.8928638,48.403786,2148.0163239070475,> 1500 m
12311634565,10.8926617,48.4038794,2160.332584414131,> 1500 m
12311634566,10.8926424,48.40394,2167.030202757675,> 1500 m
12311634567,10.8926228,48.4040134,2175.5021717882,> 1500 m
12311634568,10.8927759,48.4040396,2179.5294227242834,> 1500 m
12311634569,10.8925767,48.4042255,2199.660284813744,> 1500 m
12311634570,10.8927544,48.4041563,2192.6047853410764,> 1500 m
12311634571,10.8927223,48.4043174,2210.065228601991,> 1500 m
12311634572,10.8925689,48.4042977,2207.7941029604963,> 1500 m
12311634573,10.8927116,48.4043935,2218.8115072266937,> 1500 m
12312662204,10.8910392,48.4247267,3846.492852064348,> 1500 m
12397627811,10.8328035,48.3837895,1783.440832949019,> 1500 m
12496594404,10.9318477,48.3599535,1516.2502360772496,> 1500 m
12543482228,10.9135464,48.3476482,2065.0339518645787,> 1500 m
12543482230,10.9133704,48.3475722,2049.140829241745,> 1500 m
12551038814,10.9343429,48.393011,1874.0829983831711,> 1500 m
12630335848,10.9501241,48.3770386,1808.931118417314,> 1500 m
12645398563,10.9133505,48.3510654,1646.6365158993772,> 1500 m
12673024755,10.8988372,48.3932628,1536.9970339181498,> 1500 m
12673024756,10.8987646,48.3933345,1546.6042136657445,> 1500 m
12673024757,10.8985563,48.3932402,1565.2184414860972,> 1500 m
12673024758,10.898685,48.3931113,1563.3782726239267,> 1500 m
12673024759,10.8988956,48.3932076,1544.4982182778188,> 1500 m
12704999040,10.8322207,48.3404033,3533.667202820005,> 1500 m
12704999058,10.8326385,48.3409765,3589.9872619293183,> 1500 m
12704999059,10.83321,48.3409294,3547.423690897113,> 1500 m
12725254488,10.9145799,48.3505593,1589.8209651018149,> 1500 m
12725254489,10.9147959,48.3506006,1606.430222816599,> 1500 m
12725254490,10.9148745,48.3504076,1628.662992980053,> 1500 m
12725254491,10.9147173,48.3508084,1630.2554012999635,> 1500 m
12775028698,10.9145929,48.2583429,5208.451823809119,> 1500 m
12782245619,10.9330072,48.3927211,1696.2706887947047,> 1500 m
12782245621,10.9333804,48.3927722,1704.475574212187,> 1500 m
12782245622,10.9336045,48.3925253,1672.420663708618,> 1500 m
12782245623,10.9335378,48.3928272,1709.552132017566,> 1500 m
12834684700,10.9106744,48.3522788,1608.5058406947164,> 1500 m
12834696402,10.9107033,48.3523066,1612.264212608128,> 1500 m
12862293095,10.8567147,48.3453986,1621.374166579973,> 1500 m
12862413016,10.8526453,48.3415395,1789.4269514513353,> 1500 m
12862413035,10.8518595,48.3413939,1729.1337885918713,> 1500 m
12862413043,10.8533413,48.3415114,1749.5860313850658,> 1500 m
12864833208,10.9438181,48.2886595,4289.019472538128,> 1500 m
12864833210,10.9440346,48.2890376,4342.611184839977,> 1500 m
12864849008,10.9440575,48.2881591,4347.422493804486,> 1500 m
12865199510,10.8558198,48.3440917,1781.5417315681318,> 1500 m
12865199513,10.8557519,48.34431,1774.1621721576332,> 1500 m
12995940206,10.8540785,48.3403463,1574.169037620958,> 1500 m
12995940207,10.8540791,48.3403793,1577.8387433535872,> 1500 m
12996849306,10.8553617,48.3405413,1571.907779102546,> 1500 m
12997199498,10.8580214,48.3444802,1778.0836734839595,> 1500 m
13011282796,10.8146051,48.3470778,5537.226180624675,> 1500 m
13011466657,10.8345417,48.3253767,3196.8409366790224,> 1500 m
13011466667,10.8347827,48.3248241,3273.244708732443,> 1500 m
13011466668,10.8349014,48.3245341,3161.804277518883,> 1500 m
13011466669,10.8349016,48.324614,3170.6887770131443,> 1500 m
13012370309,10.789896,48.3125517,5769.708340569393,> 1500 m
13059229116,10.7981749,48.3448353,6130.80541825043,> 1500 m
13061790558,10.9407826,48.3141292,3113.117185063272,> 1500 m
13068155870,10.8894223,48.3254586,1500.1611980372468,> 1500 m
13070969659,10.8972878,48.3963065,1536.882993170174,> 1500 m
13070969660,10.8967096,48.3973767,1546.2673735236424,> 1500 m
13070969661,10.8965678,48.3973305,1538.3772712259693,> 1500 m
13070969663,10.8968365,48.3971979,1568.021597592184,> 1500 m
13070969665,10.8967021,48.3971571,1559.2039412295746,> 1500 m
13072407255,10.8960676,48.3984315,1551.0883071079866,> 1500 m
13072407256,10.8961258,48.3984645,1556.7387023038916,> 1500 m
13072407273,10.8978899,48.4017912,1645.449636840743,> 1500 m
13072407274,10.8979119,48.4017194,1653.596960279659,> 1500 m
13083750206,10.8136881,48.3333879,4519.659527641908,> 1500 m
13083750207,10.8255351,48.3375263,3656.108949935575,> 1500 m
13083750213,10.826222,48.3377921,3720.931687758444,> 1500 m
13083750214,10.8242311,48.3395057,3902.092394915678,> 1500 m
13116755121,10.9038212,48.276098,3251.135181484114,> 1500 m
13136490437,10.9102136,48.2887879,1777.688481679184,> 1500 m
13136507401,10.9255842,48.2740413,4046.022180328613,> 1500 m
13137924920,10.9127515,48.3482145,1945.7191640374392,> 1500 m
13291056247,10.9126211,48.3483583,1984.1657308153067,> 1500 m
13313077652,10.9339995,48.3684118,1735.1299833152943,> 1500 m
13313077653,10.9339055,48.3683757,1739.245384012049,> 1500 m
13313077655,10.9338909,48.3683703,1740.479786415684,> 1500 m
13314801372,10.9160889,48.3505159,1541.7220617133146,> 1500 m
13314801378,10.9160777,48.3505462,1545.1914396626928,> 1500 m
13314914611,10.9493548,48.376905,1750.201653946349,> 1500 m
13314914637,10.8779943,48.3282829,1825.4992967767969,> 1500 m
13320497653,10.8939649,48.3963634,1724.3049270375304,> 1500 m
13383390195,10.9286787,48.4113944,2722.409867918009,> 1500 m
13383390198,10.9290629,48.4114624,2751.9168815301896,> 1500 m
13383400628,10.9153774,48.4182853,2508.0129725606703,> 1500 m
13383400637,10.9151882,48.4185705,2553.6195332852158,> 1500 m
13383400644,10.9153797,48.4185689,2536.830562411295,> 1500 m
13383400645,10.9152852,48.4183489,2518.169850811355,> 1500 m
13383400648,10.9154381,48.4183736,2514.5110616079005,> 1500 m
13383400661,10.9154848,48.4182249,2497.452738694075,> 1500 m
13383400669,10.9158427,48.4180608,2464.262083387973,> 1500 m
13383403931,10.9155661,48.4172802,2405.761578534044,> 1500 m
13383403936,10.9154749,48.4169473,2443.557772637024,> 1500 m
13383403949,10.914394,48.416812,2512.9781505074925,> 1500 m
13383403952,10.9142572,48.4167266,2527.8547488578074,> 1500 m
13383403954,10.9141606,48.4166625,2537.998051333665,> 1500 m
13383403961,10.914512,48.4167782,2522.8625930654275,> 1500 m
13383403973,10.9148767,48.4171151,2462.2909374034075,> 1500 m
13383403976,10.9159373,48.4176497,2412.856012198781,> 1500 m
13383403977,10.9158908,48.4173536,2379.75279135259,> 1500 m
13383404001,10.9289213,48.4116996,2781.9120208466115,> 1500 m
13383404024,10.9293248,48.4122399,2824.7121366356264,> 1500 m
13383404029,10.9298167,48.412301,2786.8574510768594,> 1500 m
13383404032,10.9300291,48.4123621,2769.7278161090903,> 1500 m
13383404036,10.9301859,48.4125392,2745.418021860897,> 1500 m
13383404045,10.9285566,48.4109662,2828.3609893369376,> 1500 m
13383404075,10.9290764,48.4121883,2844.4589843056374,> 1500 m
13383404077,10.929275,48.4120868,2842.370448265927,> 1500 m
13383404082,10.9290359,48.411877,2805.965491877276,> 1500 m
13427551989,10.8865432,48.4046196,1868.0115702266223,> 1500 m
13455676959,10.8987253,48.3933925,1553.6762435155997,> 1500 m
13455676960,10.8984932,48.3932987,1573.219698689711,> 1500 m
13455676962,10.898652,48.3931443,1567.7829999253934,> 1500 m
13455676963,10.8985667,48.3931043,1575.49336121316,> 1500 m
13455676965,10.8985979,48.3930704,1571.2549299446057,> 1500 m
13455676967,10.8989624,48.393161,1551.651989765227,> 1500 m
13528995627,10.9494689,48.3777078,1767.2831904600198,> 1500 m
13529017914,10.9488373,48.3781225,1677.2706171356067,> 1500 m
13529017915,10.9493124,48.3781956,1713.289240767526,> 1500 m
13536754498,10.9199396,48.2613455,5633.614889365561,> 1500 m
13556102510,10.9177753,48.2662287,4374.776646113174,> 1500 m
13556102511,10.9174755,48.2662418,4352.5379152632295,> 1500 m
13590749907,10.9180833,48.2811724,3040.482655814178,> 1500 m
13590749921,10.9195706,48.2799654,3236.5100498494157,> 1500 m
13722134905,10.9325835,48.3986768,1789.7184391556707,> 1500 m
13722134906,10.9328317,48.3989246,1784.9298511963448,> 1500 m
13722134907,10.9329183,48.3987443,1763.8866310413373,> 1500 m
13726507205,10.9192643,48.3276473,1742.0777680489982,> 1500 m
13752820596,10.8919922,48.432498,4710.156174480502,> 1500 m
13755365541,10.9449927,48.289009,7230.039219872359,> 1500 m
13755365544,10.9458426,48.2893757,7183.855574266107,> 1500 m
13784995127,10.8896186,48.4078921,2779.2352193168617,> 1500 m
13784995134,10.889475,48.4113831,2936.9754934326897,> 1500 m
13830728055,10.8359294,48.3849618,1589.5156303131978,> 1500 m
13875277267,10.8809904,48.3242683,1890.6632905185288,> 1500 m
13875277268,10.8806805,48.3238684,1820.0972403678825,> 1500 m
13875277269,10.8805647,48.3236775,1797.208475715335,> 1500 m
13876587757,10.839887,48.3204592,2238.781297812939,> 1500 m
13876587787,10.8431975,48.3194008,1928.467318902474,> 1500 m
13919874999,10.8345405,48.3865833,1801.3333087991286,> 1500 m
13923648266,10.8816248,48.3242478,1834.9300783764172,> 1500 m
14006818737,10.9159245,48.3463272,2068.910952726915,> 1500 m
14006818738,10.9161652,48.3463686,2087.285457086878,> 1500 m
14006837097,10.9159947,48.3464932,2062.1684359557294,> 1500 m
14024269799,10.9065404,48.2890636,1540.547035303109,> 1500 m
14024296702,10.907832,48.2895028,1648.14422661777,> 1500 m
14074959333,10.8969611,48.4071111,2358.8914515588144,> 1500 m
14074959334,10.8969448,48.4070607,2240.5944171105034,> 1500 m
14128844158,10.8792744,48.322684,1738.00880945451,> 1500 m
14136810797,10.878867,48.3212572,1651.7344740173498,> 1500 m
14136866786,10.9254027,48.3699964,1550.731353462345,> 1500 m
14136866789,10.9257376,48.3697156,1585.95762754815,> 1500 m
14138210482,10.8974638,48.3867994,1625.1254786648794,> 1500 m
14138231156,10.8968107,48.3874104,1701.8994103814637,> 1500 m
14138231170,10.8979933,48.3871585,1796.8432314719355,> 1500 m
14138231171,10.8982493,48.3865266,1557.0829018874915,> 1500 m
14138231172,10.8984353,48.3866228,1574.4920693617566,> 1500 m
14138231173,10.8981311,48.3868677,1609.793255736504,> 1500 m
14138231180,10.8987574,48.3866811,1600.493123763025,> 1500 m
14138231181,10.8990218,48.3863524,1641.9849542255042,> 1500 m
14138231189,10.8983232,48.3870837,1655.627349053806,> 1500 m
14138231190,10.896118,48.3878679,1774.3477818185274,> 1500 m
14138258501,10.8980296,48.3875352,1923.2816487436112,> 1500 m
14140091069,10.8813434,48.3240852,1822.3630572174677,> 1500 m
14140091070,10.8804443,48.3242197,1896.630120156017,> 1500 m
14140091071,10.8803639,48.324205,1887.828853270989,> 1500 m
14140091073,10.881495,48.3240429,1810.2075440644735,> 1500 m
